IdAluno;Resultado;1>;11>;11>11>;11>14>;11>31>;11>48>;11>9>;11>9>11>;12>;14>;14>11>;14>11>48>;14>14>;14>14>14>;14>14>14>14>;14>14>31>;14>14>41>;14>2>;14>3>;14>31>;14>31>14>;14>31>30>;14>31>30>14>;14>31>30>30>;14>31>30>30>30>;14>31>30>30>30>30>;14>31>30>31>;14>31>30>31>30>;14>31>31>;14>31>31>30>;14>31>41>;14>31>48>;14>32>;14>32>31>;14>38>;14>38>14>;14>38>33>;14>39>;14>41>;14>41>31>;14>41>41>;14>41>41>41>;14>48>;14>49>;14>7>;15>;15>31>;16>;16>31>;16>31>30>;17>;17>30>;17>30>14>;17>31>;2>;2>14>;2>31>;2>41>;28>;28>30>;29>;3>;3>2>;30>;30>14>;30>14>31>;30>14>31>30>;30>14>41>;30>30>;30>30>14>;30>30>30>;30>30>30>14>;30>30>30>30>;30>30>30>30>30>;30>30>30>30>30>30>;30>30>30>30>30>30>30>;30>30>31>;30>30>48>;30>31>;30>31>14>;30>31>30>;30>31>30>30>;30>31>30>31>;30>31>30>31>30>;30>31>30>31>30>31>;30>31>30>31>30>31>30>;30>41>;30>48>;30>48>31>;31>;31>14>;31>14>31>;31>14>31>30>;31>14>41>;31>15>;31>16>;31>16>31>;31>30>;31>30>14>;31>30>14>31>;31>30>30>;31>30>30>30>;31>30>30>30>30>;31>30>30>30>30>30>;31>30>30>30>30>30>30>;31>30>31>;31>30>31>14>;31>30>31>30>;31>30>31>30>31>;31>30>31>30>31>30>;31>30>31>30>31>30>31>;31>30>31>30>31>30>31>30>;31>30>48>;31>31>;31>31>14>;31>31>30>;31>31>30>30>;31>31>31>;31>32>;31>38>;31>41>;31>41>41>;31>48>;31>48>30>;31>48>30>30>;32>;32>14>;32>31>;32>31>30>;33>;34>;34>36>;34>36>37>;34>37>;34>38>;36>;36>34>;36>34>37>;36>36>;36>36>34>;36>36>34>37>;36>36>36>;36>37>;37>;37>34>;37>36>;37>38>;38>;38>14>;38>14>31>;38>14>38>;38>31>;38>33>;38>36>;38>38>;39>;39>38>;4>;41>;41>14>;41>31>;41>31>30>;41>41>;41>41>31>;41>41>41>;41>41>41>41>;41>41>41>41>41>;42>;46>;48>;48>14>;48>29>;48>30>;48>30>30>;48>31>;48>31>30>;48>48>;48>49>;49>;49>14>;49>48>;49>49>;49>49>48>;5>;6>;6>6>;6>6>6>;6>6>6>6>;7>;7>5>;8>;9>;9>11>
11823-6547;SUCESSO;1;5;0;1;0;0;0;0;0;54;2;0;0;0;0;0;0;0;0;24;1;11;2;1;0;0;0;0;6;3;0;0;0;0;6;0;1;0;9;2;2;0;0;1;0;0;0;4;4;1;14;11;1;3;6;1;0;0;1;1;0;0;0;47;4;2;1;1;9;0;6;0;5;1;0;0;0;0;1;0;0;0;0;0;0;0;2;0;0;52;7;2;2;0;0;0;0;28;3;2;6;3;3;1;0;1;0;0;0;0;0;0;0;9;1;6;1;0;0;0;4;0;0;0;0;0;0;0;0;5;5;2;1;3;0;6;4;3;3;0;0;0;2;5;1;0;4;12;2;0;0;3;5;2;2;0;0;0;27;0;6;3;5;2;1;0;0;0;1;1;0;0;0;0;0;0;0;0;1;0;0;0;0;0;0;0;0;0;0;0;0;1;0
13483-6547;SUCESSO;1;2;0;0;0;0;0;0;0;59;2;0;3;0;0;2;0;3;0;30;1;20;0;2;1;0;3;0;1;0;0;0;0;0;2;1;0;0;16;1;1;0;0;1;0;0;0;3;3;3;9;7;0;1;8;1;0;0;3;3;0;0;0;53;1;1;1;0;11;0;5;0;3;1;0;0;4;0;19;0;14;2;6;0;0;0;1;2;0;64;6;1;1;1;0;0;0;43;1;1;10;3;2;1;0;11;0;8;0;0;0;0;0;3;0;2;1;0;0;0;3;0;1;1;0;3;0;2;2;3;3;1;1;1;1;5;0;0;0;0;0;0;2;3;1;0;1;9;4;2;0;1;3;1;0;0;0;0;47;3;3;1;8;1;2;1;0;1;2;5;0;0;2;0;0;0;2;0;1;0;0;0;0;0;0;0;0;0;2;0;0;1;0
14874-6547;SUCESSO;1;2;0;0;0;0;0;0;0;36;0;0;0;0;0;0;0;0;0;7;0;5;0;2;1;0;1;0;0;0;0;0;0;0;1;0;0;0;18;2;1;0;0;0;1;0;0;3;3;3;10;6;0;4;5;0;0;0;1;1;1;1;0;33;1;0;0;0;9;0;5;0;2;1;0;0;0;0;5;0;3;1;0;0;0;0;1;1;0;38;2;0;0;0;0;0;0;20;0;0;7;4;2;1;0;1;0;1;0;0;0;0;0;3;0;2;1;0;0;0;3;0;1;0;0;3;3;0;0;4;4;2;1;0;1;33;1;0;6;0;0;4;4;4;3;0;1;9;1;1;0;2;1;0;0;0;0;0;54;1;5;3;4;0;0;0;0;0;1;1;0;1;0;0;0;0;0;0;0;0;0;0;0;0;2;1;1;0;3;0;0;1;0
15054-7111;SUCESSO;1;3;0;1;0;0;0;0;0;50;3;0;0;0;0;0;0;0;0;23;1;11;0;3;1;1;1;0;0;0;0;4;0;0;3;0;1;0;6;0;0;0;0;0;3;0;0;3;3;1;14;8;2;4;4;0;0;0;1;1;5;0;0;38;4;2;0;1;16;1;3;0;3;1;1;1;4;0;6;0;4;2;1;0;0;0;0;0;0;44;6;2;0;0;0;0;0;21;0;0;6;1;1;1;1;2;0;2;0;0;0;0;0;3;2;0;0;1;0;1;0;0;5;0;0;3;1;2;1;3;3;2;2;0;0;5;0;0;0;0;0;0;2;4;1;0;0;6;0;0;0;0;1;2;0;0;0;0;24;0;1;0;3;0;1;1;0;0;4;8;1;5;0;0;0;0;2;0;1;0;0;0;0;0;9;3;1;0;4;0;0;1;0
15183-5786;insucesso;0;2;0;0;1;1;1;1;0;29;0;0;1;0;0;0;0;1;0;4;0;0;0;0;0;0;0;0;1;0;0;0;0;0;7;1;1;0;4;0;2;1;0;1;0;0;0;0;0;0;4;1;0;3;1;0;0;0;0;0;0;0;0;4;0;0;0;0;0;0;0;0;0;0;0;0;0;0;1;0;0;0;0;0;0;0;0;0;0;11;3;0;0;0;0;0;0;3;0;0;0;0;0;0;0;0;0;0;0;0;0;0;0;1;0;0;0;1;1;0;0;0;0;0;0;2;1;1;1;5;5;3;3;2;0;8;2;2;1;1;1;0;3;5;0;0;2;13;1;0;0;0;5;0;0;0;0;0;8;2;1;0;4;0;1;1;1;0;0;3;1;0;0;0;0;0;1;0;1;0;1;0;0;0;0;0;0;0;0;0;0;1;1
15183-6547;insucesso;0;2;1;0;1;0;1;0;0;39;1;0;0;0;0;0;0;5;0;10;0;3;0;1;1;0;1;1;1;0;0;2;0;0;2;0;0;0;14;0;2;0;0;0;1;0;0;2;2;0;1;0;0;1;5;0;2;0;0;0;0;0;0;10;2;1;0;0;2;1;2;1;1;1;0;0;0;0;2;0;1;0;0;0;0;0;0;0;0;22;1;1;0;0;0;1;1;5;0;0;1;1;1;0;0;2;0;1;0;0;0;0;0;4;0;0;0;2;0;0;1;0;3;2;1;0;0;0;0;2;2;2;1;0;0;2;0;0;0;0;0;0;1;2;0;0;1;6;0;0;0;0;2;0;0;0;0;0;23;0;1;0;4;1;0;0;0;0;0;4;1;0;2;1;1;0;0;0;0;0;0;0;0;0;1;0;0;0;2;0;0;1;0
15735-5786;insucesso;0;2;0;0;0;1;1;0;1;37;1;0;16;3;1;7;4;1;0;18;1;6;0;1;1;0;0;0;2;1;0;2;1;1;1;1;0;0;10;1;3;1;0;1;0;0;0;2;2;0;9;6;0;2;1;0;0;0;1;0;0;0;0;29;3;1;0;0;7;0;3;0;1;1;1;0;0;2;4;0;2;0;0;0;0;0;0;8;1;36;2;2;0;0;0;0;0;19;1;0;4;2;1;0;0;3;0;1;0;0;0;0;4;4;0;2;0;0;0;0;0;0;5;1;0;1;0;1;0;3;2;1;1;1;0;2;0;0;0;0;0;0;1;2;0;1;1;5;2;0;1;0;3;0;0;0;0;0;31;1;5;3;8;1;1;0;0;0;0;21;2;0;3;1;2;1;3;1;4;0;1;3;1;0;0;0;0;0;1;0;1;1;0
16627-6547;SUCESSO;1;3;0;0;0;0;0;0;0;35;0;0;3;0;0;1;0;1;0;4;0;1;0;0;0;0;0;0;1;0;0;0;0;0;3;0;0;0;14;1;3;0;1;3;1;0;0;2;2;0;0;0;0;0;6;0;0;0;0;0;0;2;0;14;0;0;0;0;5;0;2;0;0;0;0;0;1;0;3;0;1;0;0;0;0;0;0;0;0;17;1;0;0;1;0;0;0;6;0;0;4;2;0;0;0;0;0;0;0;0;0;0;0;6;0;3;3;1;0;0;0;0;2;2;0;0;0;0;0;2;2;1;1;1;0;4;1;0;0;0;0;0;1;2;0;0;0;9;1;0;0;2;1;1;1;0;0;0;44;0;1;0;4;0;1;0;0;0;1;10;0;0;2;0;0;0;2;0;4;0;0;0;0;1;1;0;0;0;4;1;0;1;0
17555-6395;SUCESSO;1;0;0;0;0;0;0;0;0;22;0;0;0;0;0;0;0;1;0;15;0;10;1;0;0;0;0;0;3;1;0;1;0;0;2;0;1;0;2;1;0;0;1;0;0;0;0;1;1;0;14;11;2;2;4;0;0;0;1;0;0;0;0;28;3;1;0;0;1;0;0;0;0;0;0;0;0;0;0;0;0;0;0;0;0;0;1;0;0;23;0;0;0;0;0;0;0;15;1;0;0;0;0;0;0;0;0;0;0;0;0;0;0;3;0;1;0;1;0;0;0;0;2;2;0;0;0;0;0;1;0;0;0;0;0;0;0;0;0;0;0;0;0;0;0;0;0;2;0;0;0;0;1;0;0;0;0;0;6;1;1;0;1;0;0;0;0;1;3;4;0;0;2;0;0;0;0;0;0;0;0;0;0;0;0;0;0;0;0;0;0;0;0
18200-6547;insucesso;0;10;1;0;0;1;1;0;1;61;7;0;3;0;0;1;0;2;0;26;2;11;0;2;0;0;0;0;3;1;0;1;0;0;3;1;0;0;10;3;1;0;0;0;0;0;0;4;4;0;3;2;0;1;2;0;0;0;1;0;3;0;0;24;5;1;1;0;6;2;4;1;2;2;2;0;0;0;1;0;1;0;0;0;0;0;1;0;0;41;4;0;0;1;0;1;1;15;3;0;4;1;0;0;0;0;0;0;0;0;0;0;0;3;0;1;0;1;1;0;0;0;6;4;2;1;0;1;1;1;1;0;0;1;0;8;1;1;1;1;1;0;0;1;0;1;0;6;3;0;0;0;0;0;0;0;0;0;18;0;3;0;2;0;0;0;0;0;0;6;0;3;4;2;1;0;2;0;0;0;0;0;0;0;0;0;0;0;0;0;0;1;0
18344-4912;insucesso;0;2;0;0;0;2;1;0;0;22;2;2;1;0;0;0;0;0;0;12;2;9;0;3;2;0;3;3;1;0;1;0;0;0;0;0;0;0;3;0;1;0;1;4;0;0;0;3;3;3;2;1;0;1;0;0;0;0;0;0;0;0;0;16;2;2;2;0;8;0;5;0;3;2;2;0;0;1;7;1;5;2;2;2;2;2;0;4;1;19;3;1;0;0;0;0;0;15;2;2;7;4;2;0;0;7;1;5;2;2;2;2;2;1;0;1;0;1;2;0;2;1;0;0;0;2;2;1;1;1;1;0;0;1;0;1;0;0;0;0;0;0;0;1;0;1;0;2;0;0;0;0;1;0;0;1;0;1;14;0;2;1;2;1;0;0;0;0;0;7;4;0;0;0;1;1;1;1;5;3;2;0;0;0;0;0;0;0;0;0;0;1;0
19653-6547;SUCESSO;2;2;0;0;0;0;0;0;0;28;1;0;0;0;0;0;0;1;0;8;0;5;1;0;0;0;0;0;0;0;0;0;0;0;0;0;0;0;7;1;2;1;0;0;0;0;0;2;2;1;9;6;0;3;7;0;0;0;1;1;0;0;0;24;3;1;1;2;3;0;0;0;0;0;0;0;0;0;1;0;1;0;0;0;0;0;3;0;0;23;0;0;0;0;0;0;0;11;2;0;0;0;0;0;0;1;0;1;0;0;0;0;0;1;0;0;0;0;0;0;2;0;0;0;0;0;0;0;0;6;6;1;1;3;0;6;2;2;1;0;0;0;3;6;2;0;3;9;2;0;0;2;4;0;0;0;0;0;17;1;2;0;5;1;1;1;0;0;3;1;0;0;0;0;0;0;0;0;0;0;0;0;0;0;0;0;0;0;0;0;0;1;0
20475-5786;SUCESSO;1;5;0;1;0;0;0;0;0;77;1;0;3;0;0;1;0;4;0;33;1;18;3;3;2;1;1;0;4;1;0;3;1;0;8;0;1;0;17;4;3;0;0;1;1;0;0;4;4;2;16;10;5;4;8;0;0;0;3;0;1;0;0;46;13;4;2;2;7;1;5;0;2;0;0;0;2;0;6;0;3;1;0;0;0;0;1;0;0;63;10;4;1;1;0;0;0;31;5;0;5;4;2;0;0;2;0;0;0;0;0;0;0;6;2;3;1;1;0;0;4;0;4;0;0;2;1;1;0;3;3;1;0;1;1;6;2;1;2;0;0;1;1;2;1;0;1;13;3;0;0;6;2;1;2;0;0;0;35;0;9;2;8;1;0;0;0;1;4;6;1;1;0;0;0;0;1;0;2;0;0;0;0;1;0;0;0;0;1;1;0;1;0
21206-5102;SUCESSO;0;3;0;0;0;0;0;0;0;109;2;0;2;0;0;0;0;4;0;20;0;8;0;3;2;1;0;0;3;1;0;1;1;0;1;0;0;0;21;1;6;2;0;0;2;0;0;4;4;2;5;1;0;3;6;1;0;0;0;0;0;0;0;46;2;0;0;1;19;1;8;0;2;1;0;0;2;0;5;0;1;0;0;0;0;0;2;1;0;50;4;2;1;0;0;0;0;20;1;0;8;4;2;1;0;0;0;0;0;0;0;0;0;7;2;1;1;0;0;0;3;0;1;0;0;3;1;0;0;4;3;0;0;2;1;8;3;2;0;0;0;0;0;2;0;0;0;10;1;1;0;0;4;1;0;1;0;0;54;4;4;1;13;0;3;1;0;2;0;4;1;0;1;0;0;0;2;0;0;0;0;0;0;0;3;1;1;0;5;0;0;1;0
21782-5786;insucesso;0;2;0;0;0;0;1;1;0;19;0;0;1;1;0;0;1;0;0;6;1;2;0;0;0;0;1;0;0;0;0;0;0;0;2;2;0;0;2;1;1;1;0;0;0;0;0;1;1;1;1;0;0;1;1;0;0;0;0;0;0;0;0;5;3;3;2;0;0;0;0;0;0;0;0;0;0;0;1;0;0;0;0;0;0;0;0;0;0;8;1;0;0;0;0;0;0;4;3;3;0;0;0;0;0;1;0;0;0;0;0;0;0;0;0;0;0;0;0;0;0;0;0;0;0;0;0;0;0;0;0;0;0;0;0;0;0;0;0;0;0;0;0;0;0;0;0;4;2;0;2;0;0;0;0;0;0;0;9;0;1;1;2;0;1;1;1;0;0;0;0;0;0;0;0;0;0;0;0;0;0;0;0;0;0;0;0;0;0;0;0;1;1
21853-6019;SUCESSO;0;6;0;1;0;0;0;0;0;58;4;0;1;0;0;0;0;4;0;16;3;9;2;3;2;0;0;0;2;0;0;1;0;0;3;0;0;0;8;0;1;1;3;3;3;0;0;2;2;1;3;1;0;2;9;1;0;0;0;0;2;0;0;15;2;2;1;0;7;0;6;0;1;1;0;0;1;0;1;0;0;0;0;0;0;0;0;1;0;30;6;1;0;1;0;0;0;13;2;2;5;4;1;1;0;0;0;0;0;0;0;0;0;4;1;0;0;1;0;0;1;0;3;2;0;6;2;3;0;4;3;1;0;0;1;5;1;0;0;0;0;0;1;4;2;0;1;11;1;1;0;0;4;1;0;0;0;0;26;0;1;1;4;1;1;0;0;0;0;15;4;1;2;0;0;0;2;0;6;0;0;0;0;0;0;0;0;0;3;0;0;1;0
21973-6547;SUCESSO;1;6;0;0;0;0;0;0;0;75;4;0;3;0;0;1;0;5;0;45;0;31;5;1;0;0;4;0;6;5;0;1;0;0;4;0;1;0;4;1;1;1;0;1;1;0;0;2;2;1;15;13;4;2;9;1;0;0;5;5;0;0;0;66;10;2;1;1;8;0;3;0;3;3;3;2;1;0;5;0;2;0;0;0;0;0;0;3;0;60;2;1;1;0;0;0;0;47;6;1;3;1;1;1;1;4;0;1;0;0;0;0;0;8;0;6;1;0;0;1;2;0;2;2;0;4;1;3;2;2;1;0;0;1;0;2;1;1;0;0;0;0;0;1;0;0;1;7;0;0;0;1;2;1;1;1;0;0;8;0;1;1;2;0;2;1;0;0;2;19;3;0;4;0;0;0;4;0;1;0;0;0;0;0;0;0;0;0;2;0;0;1;0
22435-4912;insucesso;0;6;0;0;0;2;1;1;1;47;2;1;3;0;0;1;0;2;0;19;3;11;0;1;0;0;0;0;1;0;0;0;0;0;1;0;0;0;5;1;4;2;1;3;2;0;0;2;2;1;1;0;0;1;4;0;1;0;0;0;2;2;1;22;2;1;1;0;6;0;2;0;0;0;0;0;0;0;2;0;1;1;0;0;0;0;2;1;0;39;5;1;0;0;0;0;0;17;1;0;5;2;0;0;0;0;0;0;0;0;0;0;1;3;0;0;0;0;0;0;3;1;0;0;0;0;0;0;0;1;1;0;0;1;0;4;1;1;1;1;1;0;0;1;0;0;1;3;1;0;0;0;0;0;0;0;0;0;15;0;3;0;7;1;4;2;2;0;0;7;3;2;0;0;0;0;1;1;6;2;3;3;2;0;0;0;0;0;2;0;0;1;1
22435-6547;SUCESSO;1;3;0;0;0;0;0;0;0;42;0;0;3;0;0;0;0;5;0;12;0;7;1;5;2;1;1;0;0;0;0;0;0;0;4;1;1;0;5;0;2;1;0;0;1;0;0;1;1;1;3;2;2;1;9;1;0;0;0;0;0;2;0;13;6;2;0;0;7;2;3;0;1;0;0;0;0;0;2;0;1;0;0;0;0;0;0;0;0;23;1;0;0;0;0;0;0;10;2;1;6;2;1;0;0;1;0;1;0;0;0;0;0;1;0;0;0;0;0;0;3;0;1;0;0;0;0;0;0;1;1;0;0;0;1;1;1;0;0;0;0;0;0;1;0;0;0;8;1;1;0;0;1;0;0;0;0;0;21;0;1;1;5;0;2;1;0;0;1;2;0;0;1;0;0;0;2;0;0;0;0;0;0;0;0;0;0;0;1;0;0;1;0
23859-6395;insucesso;0;0;0;0;0;0;0;0;0;9;0;0;0;0;0;0;0;1;0;2;0;0;0;0;0;0;0;0;1;0;1;0;0;0;1;0;0;0;3;0;1;1;0;0;0;0;0;0;0;0;0;0;0;0;2;0;0;1;0;0;1;0;0;1;0;0;0;0;1;0;0;0;0;0;0;0;0;0;0;0;0;0;0;0;0;0;0;0;0;6;0;0;0;0;0;0;0;0;0;0;0;0;0;0;0;0;0;0;0;0;0;0;0;2;0;0;0;1;0;0;3;3;0;0;0;0;0;0;0;1;0;0;0;0;0;9;0;0;2;0;0;0;0;0;0;0;0;2;1;0;1;0;1;0;0;1;0;1;10;1;0;0;6;0;5;3;1;0;0;1;0;1;1;1;0;0;1;0;0;0;0;0;0;0;0;0;0;0;0;0;0;0;0
24303-7111;insucesso;0;1;1;0;0;0;1;0;0;15;0;0;0;0;0;0;0;0;0;3;0;1;0;0;0;0;0;0;0;0;0;0;0;0;0;0;0;0;6;0;1;0;0;0;0;0;0;1;1;0;5;1;0;4;3;0;1;0;0;0;0;0;0;3;1;0;0;0;0;0;0;0;0;0;0;0;0;0;0;0;0;0;0;0;0;0;1;0;0;10;1;1;0;0;0;1;1;3;0;0;0;0;0;0;0;0;0;0;0;0;0;0;0;1;0;0;0;0;0;0;2;0;0;0;0;0;0;0;0;1;1;0;0;1;0;6;1;1;0;0;0;0;0;1;0;1;0;3;1;0;0;0;1;0;0;0;0;0;15;0;2;2;2;1;0;0;0;0;0;0;0;0;0;0;0;0;0;0;0;0;0;0;0;0;0;0;0;0;0;0;0;1;0
25513-4912;SUCESSO;1;14;0;2;0;0;0;0;0;124;10;0;5;0;0;0;0;1;0;39;1;21;2;9;3;1;5;0;8;5;0;0;3;0;4;0;2;0;25;6;6;2;0;5;5;0;0;4;4;1;11;6;0;5;6;1;0;0;0;0;7;1;0;66;10;3;1;2;31;3;19;0;13;11;9;8;4;0;14;0;12;5;0;0;0;0;3;4;0;84;11;3;0;1;0;0;0;49;7;2;23;14;9;8;6;8;0;6;0;0;0;0;0;18;2;9;2;0;0;1;3;0;3;0;0;11;0;11;6;5;5;2;1;1;1;7;3;1;2;0;0;0;2;3;1;0;2;9;3;1;0;0;5;1;1;1;0;0;47;0;9;5;12;2;5;0;0;2;1;12;0;7;0;0;0;0;3;0;7;0;0;0;0;8;0;0;0;0;8;5;0;1;0
26766-5786;SUCESSO;1;14;0;6;0;0;0;0;0;483;4;0;40;0;0;17;0;2;0;310;43;156;34;19;8;6;17;0;50;10;0;2;0;0;13;5;2;0;15;5;5;4;2;17;5;71;57;5;5;3;76;56;23;18;9;1;0;0;24;12;0;0;0;277;94;45;21;2;43;12;14;0;8;3;1;1;5;0;40;0;15;7;1;0;0;0;0;12;0;388;101;44;17;2;59;0;0;214;59;25;34;11;8;3;1;29;0;11;0;0;0;0;0;69;11;19;6;8;0;2;2;0;5;4;0;1;1;0;0;4;4;2;0;2;0;14;1;1;2;0;0;0;1;3;1;0;0;25;8;3;0;3;4;0;3;2;0;0;26;0;8;2;10;3;6;3;0;1;12;41;10;0;5;0;0;0;4;0;27;0;0;0;0;3;17;10;7;6;8;1;0;1;0
27352-6395;SUCESSO;0;0;0;0;0;0;0;0;0;30;0;0;3;0;0;1;0;1;0;12;1;4;1;1;1;0;0;0;1;0;0;0;0;0;3;1;1;0;7;2;3;0;1;0;1;0;0;3;2;0;3;0;0;3;2;1;0;0;0;0;0;0;0;8;1;0;0;0;4;0;3;0;0;0;0;0;1;0;1;0;0;0;0;0;0;0;1;0;0;23;3;1;1;1;0;0;0;6;1;0;2;2;0;0;0;0;0;0;0;0;0;0;0;1;0;0;0;0;0;1;0;0;0;0;0;1;1;0;0;3;3;2;2;1;0;4;0;0;0;0;0;0;2;3;0;0;0;8;2;0;0;1;3;1;0;0;0;0;10;1;2;0;4;0;1;0;0;0;0;1;0;0;0;0;0;0;0;0;0;0;0;0;0;0;0;0;0;0;1;0;0;0;0
27548-6547;SUCESSO;0;3;0;0;0;0;0;0;0;29;1;0;2;0;0;1;0;0;0;8;0;1;0;0;0;0;0;0;0;0;0;0;5;0;0;0;0;0;2;0;0;0;1;0;0;1;1;3;3;0;3;2;0;1;1;0;0;0;3;3;3;1;0;20;0;0;0;0;4;0;2;0;2;0;0;0;0;0;2;0;1;0;0;0;0;0;0;2;0;24;1;0;0;0;1;0;0;8;0;0;1;1;1;0;0;1;0;1;0;0;0;0;0;2;0;2;0;0;0;0;0;0;3;1;0;8;2;4;3;1;1;1;1;0;0;1;1;0;0;0;0;0;1;1;0;0;1;2;1;0;0;0;1;0;0;0;0;0;8;0;0;0;2;0;0;0;0;0;0;6;0;3;2;0;0;0;1;0;0;0;0;0;0;0;0;0;0;0;1;0;0;1;0
27699-4912;SUCESSO;1;10;0;2;0;0;0;0;0;162;8;0;17;0;0;4;0;4;0;90;11;43;12;5;0;0;4;0;21;7;0;4;0;0;12;1;3;0;6;0;1;0;1;2;2;7;5;6;6;4;28;22;14;6;7;1;0;0;10;3;0;0;0;93;47;15;9;3;20;7;4;0;2;0;0;0;1;0;9;0;2;0;0;0;0;0;2;2;0;130;40;14;6;1;5;0;0;64;21;6;11;2;2;0;0;6;0;2;0;0;0;0;0;31;6;9;3;6;0;1;3;0;6;1;0;1;0;0;0;5;5;1;1;3;1;16;4;3;4;0;0;0;1;6;0;0;2;19;2;2;0;2;5;7;0;1;0;0;25;0;2;0;8;0;3;2;0;0;1;12;2;0;2;0;0;0;0;0;3;0;0;0;0;2;0;0;0;0;3;2;0;1;0
27769-5102;SUCESSO;0;0;0;0;0;0;0;0;0;22;0;0;2;0;0;0;0;0;0;6;0;3;0;1;1;1;0;0;0;0;0;0;0;0;0;0;0;0;5;2;0;0;0;0;0;0;0;3;3;0;1;0;0;1;0;0;0;0;0;0;0;0;0;13;1;0;0;0;3;0;1;0;1;1;0;0;0;0;0;0;0;0;0;0;0;0;0;0;0;18;3;2;1;0;0;0;0;4;1;0;1;1;1;1;0;0;0;0;0;0;0;0;0;0;0;0;0;0;0;0;0;0;0;0;0;0;0;0;0;2;1;1;0;0;0;3;0;0;0;0;0;0;0;0;0;0;0;3;1;0;0;0;0;0;0;0;0;0;30;0;3;1;2;0;0;0;0;0;0;3;1;0;2;0;0;0;0;0;0;0;0;0;0;0;0;0;0;0;0;0;0;0;0
27813-7111;insucesso;0;2;0;0;0;2;0;0;0;21;2;2;4;0;0;2;0;3;0;7;0;3;0;1;1;0;1;0;0;0;0;0;0;0;1;1;0;0;0;0;0;0;4;0;0;0;0;0;0;0;1;0;0;1;4;0;0;0;0;0;5;0;0;4;1;0;0;0;2;0;2;0;1;1;1;0;0;2;1;0;0;0;0;0;0;0;0;2;0;8;1;0;0;0;0;0;0;3;1;0;1;1;1;0;0;1;0;0;0;0;0;0;0;1;0;0;0;0;0;0;0;0;2;1;0;0;0;0;0;0;0;0;0;0;0;0;0;0;0;0;0;0;0;0;0;0;0;1;1;0;1;0;0;0;0;0;0;0;0;0;0;0;0;0;0;0;0;0;0;9;2;5;2;0;0;0;1;0;0;0;0;0;0;0;0;0;0;0;0;0;0;0;0
27860-7111;SUCESSO;1;3;0;2;0;0;0;0;0;28;1;0;0;0;0;0;0;1;0;4;1;2;1;0;0;0;1;0;0;0;0;0;0;0;2;1;1;0;2;0;1;1;1;0;0;0;0;1;1;0;3;0;0;3;3;1;0;0;1;0;0;0;0;7;1;0;0;0;3;0;3;0;2;2;2;2;0;0;2;0;0;0;0;0;0;0;0;3;0;15;2;1;1;0;0;0;0;4;1;0;1;1;1;1;1;1;0;0;0;0;0;0;0;0;0;0;0;0;0;0;0;0;0;0;0;1;0;1;0;1;1;1;1;0;0;1;1;0;1;0;0;0;1;1;0;0;0;3;2;1;0;0;1;0;0;0;0;0;24;1;1;0;7;1;2;0;0;0;1;4;2;0;1;0;0;0;0;0;0;0;0;0;0;0;0;0;0;0;0;0;0;0;0
27889-5102;SUCESSO;1;2;0;0;0;0;0;0;0;36;1;0;2;0;0;1;0;2;0;13;0;2;0;1;0;0;0;0;0;0;0;0;0;0;2;0;2;0;5;0;0;0;0;0;1;0;0;2;2;1;2;0;0;2;5;0;0;0;0;0;0;0;0;7;1;0;0;0;1;0;0;0;0;0;0;0;1;0;2;0;1;0;0;0;0;0;0;0;0;21;3;0;0;1;0;0;0;4;1;0;1;0;0;0;0;1;0;1;0;0;0;0;0;0;0;0;0;0;0;0;0;0;0;0;0;2;2;0;0;2;2;1;0;1;0;7;1;1;3;0;0;2;0;1;0;0;1;5;0;0;0;0;2;1;0;0;0;0;11;0;1;0;1;0;0;0;0;0;1;0;0;0;0;0;0;0;0;0;0;0;0;0;0;0;0;0;0;0;1;0;0;1;0
27959-4912;SUCESSO;2;3;0;0;0;0;0;0;0;49;1;0;1;0;0;1;0;4;0;21;1;15;1;3;0;0;3;0;0;0;0;0;0;0;2;0;0;0;8;1;0;0;0;0;3;0;0;2;2;0;7;3;0;4;10;1;0;0;1;0;0;0;0;25;6;3;1;1;4;0;1;0;0;0;0;0;0;0;4;0;2;1;0;0;0;0;1;0;0;36;4;1;1;0;0;0;0;21;5;2;4;1;0;0;0;3;0;1;0;0;0;0;0;4;1;1;0;0;0;0;1;0;0;0;0;0;0;0;0;4;4;2;1;2;0;6;2;2;2;0;0;0;1;3;0;0;2;9;3;2;0;0;3;0;0;0;0;0;17;0;3;1;1;0;0;0;0;0;3;0;0;0;0;0;0;0;0;0;0;0;0;0;0;1;8;3;1;0;4;1;0;1;0
27965-4912;SUCESSO;1;6;0;0;0;0;0;0;0;81;2;0;3;0;0;1;0;5;0;29;1;17;0;3;2;1;1;0;3;3;0;0;0;0;3;0;0;0;21;4;1;0;0;0;7;0;0;2;2;1;13;6;1;6;11;0;0;0;1;0;0;0;0;61;2;0;0;1;15;0;7;0;5;1;1;0;2;0;6;0;0;0;0;0;0;0;1;0;0;66;3;1;0;2;0;0;0;35;0;0;9;4;3;0;0;4;0;0;0;0;0;0;0;9;0;8;1;1;0;2;3;0;1;0;0;0;0;0;0;4;4;1;0;1;1;4;3;1;1;0;0;0;0;3;1;0;0;12;1;0;0;1;4;2;0;0;0;0;39;1;5;0;6;1;1;0;0;0;4;9;1;0;0;0;0;0;8;0;0;0;0;0;0;3;88;47;30;15;10;3;0;1;0
28531-5102;SUCESSO;3;5;0;2;0;0;0;0;0;78;0;0;3;0;0;0;0;3;0;38;1;21;0;7;3;2;3;0;3;3;0;0;0;0;14;4;1;0;13;0;1;0;0;0;2;0;0;4;3;0;7;3;2;4;16;1;0;0;1;1;0;1;0;37;3;1;1;0;12;0;4;0;3;3;2;0;2;0;5;0;0;0;0;0;0;0;1;0;0;61;6;1;0;1;0;0;0;31;1;0;12;4;3;3;2;3;0;0;0;0;0;0;0;11;1;5;2;1;0;1;3;0;0;0;0;1;0;0;0;3;3;0;0;1;1;21;1;1;6;0;0;0;1;2;1;0;0;22;7;3;0;3;3;0;1;1;0;0;46;0;2;0;7;1;1;1;0;0;3;0;0;0;0;0;0;0;0;0;0;0;0;0;0;1;2;0;0;0;3;1;0;1;0
29485-5786;SUCESSO;1;4;0;1;0;0;0;0;0;86;2;0;8;0;0;0;0;1;0;34;4;13;0;6;2;1;0;0;7;5;0;0;2;0;7;0;2;0;14;2;1;0;0;2;1;0;0;5;5;1;16;10;5;6;6;4;0;0;0;0;0;5;0;46;13;5;3;1;17;6;9;0;6;5;3;2;0;0;2;0;0;0;0;0;0;0;2;1;0;60;11;3;1;1;0;0;0;26;2;0;13;6;3;3;2;1;0;0;0;0;0;0;0;9;1;5;4;1;0;0;0;0;0;0;0;2;0;2;2;5;5;2;2;1;2;8;2;1;1;0;0;0;4;5;2;0;0;14;2;1;0;0;5;2;0;4;0;0;24;0;4;2;3;1;0;0;0;0;1;2;1;0;0;0;0;0;0;0;3;0;0;0;0;0;18;9;4;4;2;0;0;1;0
29648-5786;SUCESSO;1;8;0;1;0;0;0;0;0;82;0;0;4;0;0;0;0;5;0;45;0;19;1;3;1;0;1;0;8;4;0;0;2;0;6;0;1;0;8;1;1;0;0;0;2;0;0;5;5;1;16;8;1;8;10;0;0;0;0;0;2;1;0;64;6;3;1;0;18;1;8;0;4;2;2;1;3;0;13;0;5;1;1;0;0;0;2;2;0;106;0;0;0;0;0;0;0;49;3;2;13;5;3;1;1;7;0;4;0;0;0;0;0;18;0;10;4;1;0;3;6;0;3;2;0;7;1;3;2;3;3;1;1;2;0;7;2;2;2;0;0;0;1;4;0;0;0;15;0;0;0;6;2;1;0;0;0;0;42;1;2;2;4;0;0;0;0;1;1;8;2;2;3;0;0;0;2;0;1;0;0;0;0;1;5;0;0;0;5;1;0;1;0
29683-6547;SUCESSO;1;3;0;0;0;0;0;0;0;83;0;0;8;0;0;1;0;1;0;16;3;5;1;2;1;1;1;0;1;0;0;2;6;0;1;1;0;0;16;2;3;2;1;3;1;0;0;3;3;0;10;8;1;2;12;3;0;0;1;0;1;9;0;35;2;0;0;1;7;0;4;0;2;1;0;0;2;0;4;0;1;0;0;0;0;0;0;3;0;50;6;2;0;0;0;0;0;15;1;0;4;2;2;1;0;1;0;0;0;0;0;0;0;3;0;0;0;1;0;0;1;0;8;4;0;13;2;9;1;3;3;1;0;1;1;9;0;0;1;0;0;0;1;3;2;0;0;10;3;0;0;0;3;3;0;6;0;0;32;3;3;2;8;0;4;3;0;8;1;20;4;1;7;0;0;0;4;0;4;0;0;0;0;1;0;0;0;0;5;1;0;1;0
30480-6019;SUCESSO;0;0;0;0;0;0;0;0;0;4;0;0;0;0;0;0;0;0;0;1;0;0;0;0;0;0;0;0;0;0;0;0;0;0;1;0;0;0;0;0;0;0;0;0;0;0;0;0;0;0;1;0;0;1;0;0;0;0;0;0;0;0;0;1;0;0;0;0;1;0;0;0;0;0;0;0;0;0;0;0;0;0;0;0;0;0;0;0;0;2;0;0;0;0;0;0;0;0;0;0;0;0;0;0;0;0;0;0;0;0;0;0;0;0;0;0;0;0;0;0;1;0;0;0;0;0;0;0;0;1;1;1;1;0;0;3;1;0;1;0;0;1;1;1;0;0;1;4;1;1;0;0;1;0;0;0;0;0;1;0;0;0;0;0;0;0;0;0;0;0;0;0;0;0;0;0;0;0;0;0;0;0;0;0;0;0;0;0;0;0;0;0;0
30609-5102;insucesso;0;0;0;0;0;0;0;0;0;3;0;0;0;0;0;0;0;0;0;1;0;0;0;0;0;0;0;0;0;0;0;0;0;0;0;0;0;0;0;0;0;0;0;0;0;0;0;1;1;0;0;0;0;0;1;0;0;0;0;0;0;0;0;2;0;0;0;0;0;0;0;0;0;0;0;0;0;0;0;0;0;0;0;0;0;0;0;0;0;2;0;0;0;0;0;0;0;1;0;0;0;0;0;0;0;0;0;0;0;0;0;0;0;1;0;1;0;0;0;0;0;0;0;0;0;0;0;0;0;0;0;0;0;0;0;0;0;0;0;0;0;0;0;0;0;0;0;0;0;0;0;0;0;0;0;0;0;0;0;0;0;0;0;0;0;0;0;0;0;0;0;0;0;0;0;0;0;0;0;0;0;0;0;0;0;0;0;0;0;0;0;0;0
30639-5102;SUCESSO;1;3;0;0;0;0;0;0;0;107;1;0;10;0;0;5;0;5;0;39;0;20;0;10;4;3;1;0;4;2;0;0;1;0;8;0;3;0;16;2;2;0;0;2;1;0;0;4;4;4;5;2;0;3;9;0;0;0;4;4;1;1;0;53;3;0;0;1;27;1;13;0;9;4;1;0;5;0;9;0;0;0;0;0;0;0;6;1;0;76;3;0;0;0;0;0;0;41;2;0;18;9;7;3;1;4;0;0;0;0;0;0;0;12;1;5;2;3;0;4;5;0;1;0;0;4;0;2;0;4;4;0;0;2;2;6;2;0;0;0;0;0;0;3;0;0;0;19;4;0;0;3;4;1;1;3;0;0;56;1;7;2;9;0;3;1;0;5;1;4;2;1;1;0;0;0;0;0;7;0;0;0;0;0;0;0;0;0;8;0;0;1;0
30698-5102;insucesso;0;0;0;0;0;0;0;0;0;16;0;0;0;0;0;0;0;0;0;5;0;1;0;0;0;0;0;0;1;1;1;0;0;0;1;0;1;0;2;0;0;0;0;0;0;0;0;1;0;0;0;0;0;0;0;0;0;0;0;0;0;0;0;2;1;0;0;0;0;0;0;0;0;0;0;0;0;0;0;0;0;0;0;0;0;0;0;0;0;6;1;0;0;1;0;0;0;2;1;0;0;0;0;0;0;0;0;0;0;0;0;0;0;1;0;1;0;0;0;0;1;0;0;0;0;0;0;0;0;5;5;2;1;1;0;5;2;1;0;0;0;0;1;3;0;1;1;8;2;0;0;0;3;0;0;0;0;0;7;0;1;0;0;0;0;0;0;1;0;0;0;0;0;0;0;0;0;0;0;0;0;0;0;0;0;0;0;0;0;0;0;0;0
30698-6019;insucesso;0;0;0;0;0;0;0;0;0;6;0;0;1;0;0;1;0;0;0;3;0;0;0;0;0;0;0;0;0;0;0;0;0;0;0;0;0;0;0;0;0;0;0;0;0;0;0;2;2;1;0;0;0;0;0;0;0;0;1;0;1;0;0;1;0;0;0;0;1;0;0;0;0;0;0;0;0;0;1;0;0;0;0;0;0;0;0;0;0;5;1;0;0;0;0;0;0;1;0;0;1;0;0;0;0;0;0;0;0;0;0;0;0;0;0;0;0;0;0;0;0;0;1;0;0;0;0;0;0;0;0;0;0;0;0;0;0;0;0;0;0;0;0;0;0;0;0;0;0;0;0;0;0;0;0;0;0;0;0;0;0;0;0;0;0;0;0;0;0;1;0;1;0;0;0;0;0;0;2;0;1;0;0;0;0;0;0;0;0;0;0;0;0
30786-4912;SUCESSO;1;15;0;9;0;0;0;0;0;112;13;0;32;0;0;9;0;2;0;51;25;15;10;4;2;2;2;0;4;1;0;3;0;0;5;0;2;0;26;3;4;2;0;1;5;0;0;3;3;0;3;0;0;3;5;4;0;0;0;0;2;0;0;24;16;5;3;2;7;5;4;0;2;1;1;1;1;0;3;0;1;0;0;0;0;0;1;2;0;72;37;6;5;5;0;0;0;20;12;4;6;3;2;1;1;2;0;1;0;0;0;0;0;8;3;3;1;2;0;3;1;0;5;4;0;0;0;0;0;3;3;1;1;0;2;10;2;0;2;0;0;1;2;3;1;0;0;12;4;2;0;0;3;4;2;1;0;0;46;1;6;1;10;0;4;1;0;0;1;11;3;2;4;0;0;0;1;0;2;0;0;0;0;7;11;2;1;0;8;7;0;1;0
30812-4912;SUCESSO;0;4;0;0;0;0;0;0;0;62;1;0;3;0;0;2;0;2;0;33;0;13;0;0;0;0;0;0;5;2;0;2;0;0;4;0;0;0;3;0;0;0;0;0;7;0;0;5;5;1;24;15;3;8;10;0;0;0;9;2;0;0;0;77;4;3;0;0;13;0;6;0;2;1;0;0;2;0;10;0;5;1;1;0;0;0;3;2;0;100;4;1;0;1;0;0;0;47;0;0;7;4;0;0;0;3;0;2;0;0;0;0;0;14;1;6;2;1;0;2;3;0;6;1;0;2;1;1;0;5;5;4;2;0;0;9;1;0;1;0;0;0;3;4;1;0;0;16;1;0;0;5;4;0;0;1;0;0;37;2;1;1;7;0;1;0;0;0;4;13;1;0;1;0;0;0;4;0;0;0;0;0;0;2;42;17;8;4;13;1;0;1;0
30816-5786;SUCESSO;1;3;0;1;0;0;0;0;0;62;3;0;5;0;0;2;0;2;0;24;0;11;0;1;1;1;0;0;3;2;0;0;0;0;5;1;3;0;11;2;3;1;0;2;2;0;0;3;3;0;15;10;3;5;6;0;0;0;0;0;0;1;0;38;3;0;0;0;1;0;1;0;1;0;0;0;0;0;4;0;0;0;0;0;0;0;1;1;0;50;3;0;0;1;0;0;0;22;0;0;1;1;1;0;0;2;0;0;0;0;0;0;0;5;1;3;0;2;0;0;2;0;2;1;0;0;0;0;0;3;3;0;0;2;1;3;2;2;2;0;0;0;1;3;1;0;2;9;3;2;0;1;3;0;1;2;0;0;25;0;2;1;7;0;4;1;0;0;1;3;2;0;1;0;0;0;1;0;2;0;0;0;0;0;16;10;4;2;3;0;0;1;0
31142-5786;SUCESSO;0;6;0;1;0;0;0;0;0;30;2;0;1;0;0;0;0;0;0;5;0;4;0;0;0;0;0;0;0;0;0;0;1;0;2;0;1;0;7;1;2;1;0;0;3;0;0;1;0;0;7;5;1;2;0;0;0;0;0;0;0;0;0;17;1;0;0;1;2;0;0;0;0;0;0;0;0;0;1;0;1;1;0;0;0;0;1;1;0;18;0;0;0;0;0;0;0;11;0;0;2;0;0;0;0;1;0;1;0;0;0;0;0;2;0;1;0;0;0;0;0;0;0;0;0;1;0;0;0;2;2;1;1;1;0;2;1;1;0;0;0;0;1;2;0;0;0;3;0;0;0;1;2;0;0;0;0;0;13;0;2;1;4;1;2;1;0;0;0;5;0;0;0;0;0;0;2;0;0;0;0;0;0;0;14;6;3;1;5;0;0;1;0
31256-5102;insucesso;0;0;0;0;0;0;0;0;0;14;0;0;0;0;0;0;0;3;1;3;0;0;0;0;0;0;0;0;0;0;0;1;0;0;2;0;0;1;1;0;0;0;0;0;0;0;0;0;0;0;0;0;0;0;3;0;0;0;0;0;0;1;0;0;0;0;0;0;0;0;0;0;0;0;0;0;0;0;0;0;0;0;0;0;0;0;0;0;0;3;0;0;0;0;0;0;0;0;0;0;0;0;0;0;0;0;0;0;0;0;0;0;0;0;0;0;0;0;0;0;0;0;1;0;0;0;0;0;0;1;1;0;0;1;0;2;1;1;1;1;1;0;0;1;0;0;0;3;0;0;0;0;0;0;0;1;0;1;1;0;0;0;0;0;0;0;0;0;0;1;0;0;0;0;0;0;0;0;0;0;0;0;0;0;0;0;0;0;0;0;0;0;0
31267-7111;SUCESSO;1;5;0;0;0;0;0;0;0;24;2;0;1;0;0;0;0;0;0;3;2;0;0;0;0;0;0;0;1;0;0;0;2;0;0;0;0;0;6;1;4;4;0;0;0;0;0;1;1;0;3;1;1;2;7;1;0;0;0;0;0;2;0;15;2;0;0;0;6;0;2;0;2;1;0;0;0;0;0;0;0;0;0;0;0;0;0;1;0;23;3;0;0;0;0;0;0;6;1;0;3;2;2;1;0;0;0;0;0;0;0;0;0;2;0;0;0;1;0;0;2;0;1;0;0;5;0;4;1;2;2;1;1;1;0;9;2;1;1;0;0;0;1;2;0;0;2;5;1;0;0;1;1;0;0;1;0;0;23;0;4;0;7;2;5;4;0;0;1;8;0;0;0;0;0;0;4;0;0;0;0;0;0;0;0;0;0;0;1;0;0;1;0
31390-5102;insucesso;0;0;0;0;0;0;0;0;0;5;0;0;0;0;0;0;0;0;0;0;0;0;0;0;0;0;0;0;0;0;0;0;0;0;0;0;0;0;1;0;1;0;0;0;0;0;0;1;1;1;0;0;0;0;0;0;0;0;0;0;0;0;0;4;0;0;0;0;0;0;0;0;0;0;0;0;0;0;0;0;0;0;0;0;0;0;0;1;0;5;0;0;0;0;0;0;0;4;0;0;0;0;0;0;0;0;0;0;0;0;0;0;1;0;0;0;0;0;0;0;0;0;0;0;0;0;0;0;0;0;0;0;0;0;0;0;0;0;0;0;0;0;0;0;0;0;0;0;0;0;0;0;0;0;0;0;0;0;3;0;1;1;3;1;2;2;2;0;0;1;0;0;0;0;0;0;0;0;0;0;0;0;0;0;0;0;0;0;0;0;0;0;0
31451-5102;SUCESSO;1;1;0;1;0;0;0;0;0;75;0;0;3;0;0;1;0;2;0;16;0;7;4;0;0;0;1;0;3;1;0;0;0;0;4;2;1;0;18;1;6;2;0;0;0;0;0;4;3;2;5;2;0;3;5;1;0;0;2;2;0;0;0;21;10;1;0;2;4;1;3;0;3;0;0;0;0;0;3;0;2;1;0;0;0;0;4;0;0;30;3;1;0;1;0;0;0;15;8;1;4;3;3;0;0;2;0;1;0;0;0;0;0;5;1;4;2;2;0;0;2;0;0;0;0;0;0;0;0;3;3;0;0;1;1;9;2;1;4;0;0;2;1;2;0;0;1;9;3;0;0;0;3;0;0;0;0;0;45;0;2;2;12;1;4;1;0;0;1;0;0;0;0;0;0;0;0;0;1;0;0;0;0;0;0;0;0;0;0;0;0;1;0
31456-4912;insucesso;0;6;2;0;2;0;1;0;0;26;2;0;1;0;0;0;1;1;0;7;0;4;0;0;0;0;2;1;0;0;0;0;0;0;0;0;0;0;7;1;1;0;0;0;1;0;0;1;1;0;1;1;0;0;1;0;0;0;0;0;0;0;0;7;1;0;0;0;1;0;1;0;0;0;0;0;1;0;3;1;1;0;0;0;0;0;0;0;0;13;4;0;0;2;0;0;0;5;1;0;1;1;0;0;0;2;1;1;0;0;0;0;0;3;0;1;0;1;0;0;0;0;1;0;0;0;0;0;0;0;0;0;0;0;0;0;0;0;0;0;0;0;0;0;0;0;0;0;0;0;0;0;0;0;0;0;0;0;14;0;3;0;5;2;1;0;0;1;0;3;1;0;0;0;0;0;0;0;0;0;0;0;0;0;0;0;0;0;1;0;1;1;0
31476-5102;SUCESSO;1;13;0;0;0;0;0;0;0;111;8;0;4;0;0;0;0;6;0;48;4;35;8;12;6;4;4;0;3;1;0;0;2;0;11;3;1;0;19;3;3;1;2;3;2;0;0;3;3;2;5;3;0;2;7;1;0;0;5;5;0;1;0;95;24;14;9;6;37;12;19;0;13;9;7;3;3;0;19;0;13;2;8;0;0;0;2;1;0;86;15;7;5;2;0;0;0;63;10;6;23;12;10;6;4;14;0;11;0;0;0;0;0;6;0;2;0;0;0;2;0;0;1;1;0;9;6;3;1;6;6;2;0;2;0;12;1;1;1;0;0;0;2;5;3;0;0;26;9;3;0;0;5;3;1;2;0;0;50;0;6;4;9;0;2;0;0;0;1;7;1;0;3;0;0;0;0;0;4;0;0;0;0;0;0;0;0;0;3;0;0;2;0
31477-5786;SUCESSO;1;7;0;2;0;0;0;0;0;73;2;0;4;0;0;0;0;3;0;16;0;6;1;1;1;0;1;0;4;3;0;0;0;0;5;1;2;0;13;1;3;0;0;0;0;0;0;2;2;0;8;5;0;2;7;1;0;0;0;0;0;3;0;36;5;0;0;1;14;3;6;0;1;1;1;1;0;0;4;0;2;1;0;0;0;0;1;0;0;48;2;0;0;0;0;0;0;23;2;0;8;5;1;1;1;2;0;1;0;0;0;0;0;10;0;7;4;1;0;0;3;0;0;0;0;3;2;0;0;4;4;3;3;0;0;4;3;0;0;0;0;0;4;4;0;0;2;11;5;0;0;1;3;0;0;5;0;0;44;0;5;2;9;2;1;0;0;1;2;3;0;0;0;0;0;0;0;0;0;0;0;0;0;0;14;3;0;0;1;0;0;1;0
31489-6019;insucesso;0;5;0;0;2;1;0;0;0;54;1;0;1;0;0;0;0;2;0;20;0;10;0;3;1;0;0;0;2;1;0;1;0;0;4;0;2;0;1;0;0;0;0;1;0;0;0;3;3;0;11;7;0;4;11;0;1;1;1;0;0;0;0;33;1;0;0;0;9;1;4;0;3;3;2;0;2;1;5;0;2;1;0;0;0;0;3;1;1;45;3;0;0;0;0;0;0;21;0;0;6;2;1;0;0;0;0;0;0;0;0;0;0;3;0;1;0;0;0;0;0;0;2;2;1;0;0;0;0;4;4;2;2;1;0;10;4;1;3;1;0;0;2;3;0;0;1;9;2;0;1;0;4;0;0;0;0;0;7;0;0;0;0;0;0;0;0;0;0;5;0;0;2;1;1;1;1;0;1;0;1;0;0;0;0;0;0;0;0;0;0;1;1
31572-4912;SUCESSO;0;3;0;0;0;0;0;0;0;34;2;0;2;0;0;1;0;0;0;9;2;2;0;0;0;0;0;0;2;0;0;1;1;0;1;0;0;0;4;1;0;0;0;0;0;0;0;1;1;0;1;0;0;1;0;0;0;0;0;0;0;0;0;10;1;0;0;0;3;0;2;0;0;0;0;0;0;0;1;0;0;0;0;0;0;0;0;0;0;21;3;1;0;0;0;0;0;5;0;0;2;2;0;0;0;0;0;0;0;0;0;0;0;3;1;0;0;2;0;0;0;0;2;1;0;2;1;0;0;3;3;1;1;2;0;5;2;2;0;0;0;0;1;4;0;0;1;11;1;0;0;2;2;1;0;0;0;0;5;0;1;0;0;0;0;0;0;0;0;2;0;0;1;0;0;0;1;0;0;0;0;0;0;0;0;0;0;0;1;0;0;1;0
31699-4912;SUCESSO;1;3;0;0;0;0;0;0;0;40;0;0;2;0;0;0;0;3;0;20;0;8;0;1;0;0;0;0;3;3;0;0;0;0;3;0;0;0;9;1;2;1;0;0;0;0;0;2;2;2;7;2;0;5;7;1;0;0;0;0;0;0;0;30;3;1;0;0;10;1;5;0;5;4;1;0;2;0;5;0;3;0;0;0;0;0;1;2;0;48;2;1;0;1;0;0;0;27;2;1;9;5;5;4;1;2;0;1;0;0;0;0;0;5;0;5;2;0;0;1;1;0;0;0;0;0;0;0;0;3;3;2;0;0;0;6;1;0;2;0;0;0;1;2;1;0;0;7;3;2;0;0;3;0;2;0;0;0;30;0;2;2;8;0;5;1;0;0;1;3;0;0;1;0;0;0;1;0;0;0;0;0;0;0;5;3;0;0;1;0;0;1;0
31727-5786;SUCESSO;1;4;0;1;0;0;0;0;0;55;2;0;4;0;0;2;0;0;0;13;2;3;0;1;0;0;1;0;0;0;0;1;2;0;3;2;0;0;15;1;2;1;0;0;0;1;1;4;3;0;13;8;1;5;5;1;0;0;1;1;0;1;0;20;3;0;0;1;4;1;0;0;0;0;0;0;0;0;4;0;2;0;1;0;0;0;0;2;0;31;6;1;1;2;1;0;0;6;0;0;1;0;0;0;0;1;0;1;0;0;0;0;0;3;1;0;0;0;0;1;0;0;1;1;0;3;0;2;1;8;7;1;1;3;2;9;5;3;2;0;0;2;3;7;1;0;1;14;5;0;0;0;6;1;0;1;0;0;28;0;1;0;5;0;2;1;0;1;1;5;1;0;1;0;0;0;0;0;1;0;0;0;0;0;1;0;0;0;1;0;0;1;0
31742-4912;SUCESSO;1;2;0;0;0;0;0;0;0;22;1;0;2;0;0;0;0;2;0;4;0;3;0;1;0;0;0;0;0;0;0;0;0;0;4;1;2;0;1;0;0;0;0;0;0;0;0;1;1;0;7;3;0;4;3;0;0;0;0;0;0;1;0;11;0;0;0;0;4;0;1;0;0;0;0;0;0;0;0;0;0;0;0;0;0;0;0;1;0;15;1;0;0;0;0;0;0;6;0;0;2;1;0;0;0;0;0;0;0;0;0;0;0;3;0;1;0;0;0;1;0;0;1;0;0;0;0;0;0;3;3;1;0;1;1;3;2;1;1;0;0;1;0;2;1;0;0;8;2;0;0;0;2;1;0;1;0;0;1;0;0;0;0;0;0;0;0;0;1;3;1;0;0;0;0;0;0;0;0;0;0;0;0;0;0;0;0;0;0;0;0;1;0
31743-5102;SUCESSO;0;3;0;0;0;0;0;0;0;31;0;0;1;0;0;0;0;0;0;7;0;4;0;2;0;0;0;0;0;0;0;0;0;0;9;5;1;0;3;0;0;0;2;1;0;0;0;2;2;1;2;1;1;1;2;0;0;0;0;0;1;0;0;16;1;1;1;0;6;0;1;0;0;0;0;0;0;0;1;0;0;0;0;0;0;0;0;0;0;25;1;0;0;0;0;0;0;12;0;0;6;1;0;0;0;1;0;0;0;0;0;0;0;3;0;0;0;1;0;1;2;0;1;0;0;2;1;1;1;5;4;1;0;0;3;13;2;0;9;0;0;7;2;3;2;0;0;20;8;0;0;1;3;1;1;1;0;0;8;1;2;1;2;0;1;0;0;0;0;4;0;1;0;0;0;0;1;0;2;0;0;0;0;0;2;1;0;0;3;0;0;1;0
31751-5102;insucesso;0;0;0;0;0;0;0;0;0;21;0;0;1;0;0;0;0;0;0;6;0;1;0;0;0;0;0;0;0;0;0;1;0;0;1;0;0;0;4;0;3;2;0;0;0;0;0;2;2;0;0;0;0;0;0;0;0;0;0;0;0;0;0;6;1;0;0;0;3;1;2;1;2;1;0;0;0;0;1;0;0;0;0;0;0;0;0;0;0;17;2;2;0;0;0;0;0;3;0;0;1;1;1;0;0;1;0;0;0;0;0;0;0;1;0;0;0;0;0;0;1;1;3;2;0;0;0;0;0;1;1;0;0;1;0;1;1;1;1;1;1;0;0;1;0;0;1;3;0;0;0;0;1;0;0;0;0;0;22;0;1;0;8;1;3;1;0;0;0;4;0;0;2;0;1;0;0;0;0;0;0;0;0;0;0;0;0;0;0;0;0;0;0
32097-6395;SUCESSO;0;0;0;0;0;0;0;0;0;43;0;0;4;0;0;3;0;4;0;24;1;5;0;2;1;0;0;0;3;1;0;0;0;0;3;0;1;0;8;3;2;0;0;0;1;0;0;3;3;2;9;3;1;6;12;1;0;0;0;0;0;2;0;26;4;2;0;0;10;0;3;0;1;0;0;0;2;0;3;0;2;2;1;0;0;0;2;1;0;45;3;1;0;1;0;0;0;16;2;2;6;2;1;0;0;2;0;1;0;0;0;0;0;6;0;3;2;2;0;3;3;0;0;0;0;0;0;0;0;3;3;0;0;1;0;13;2;1;4;0;0;1;1;3;1;0;0;12;3;2;0;2;3;1;0;0;0;0;18;4;4;2;6;1;1;1;0;0;0;1;0;0;0;0;0;0;0;0;0;0;0;0;0;0;0;0;0;0;4;0;0;0;0
32107-5786;SUCESSO;0;7;0;1;0;0;0;0;0;55;1;0;0;0;0;0;0;1;0;25;1;16;0;3;0;0;1;0;1;1;0;0;0;0;2;0;0;0;9;1;2;0;0;0;0;0;0;5;5;3;18;10;4;8;6;1;0;0;3;0;2;1;0;65;6;2;1;2;22;1;11;0;6;5;3;1;3;0;9;0;3;2;0;0;0;0;4;0;0;71;5;1;1;2;0;0;0;38;0;0;11;6;2;2;0;5;0;1;0;0;0;0;0;3;1;2;1;1;0;0;1;0;2;2;0;2;0;1;1;6;6;3;1;2;1;12;3;2;1;0;0;0;4;6;3;0;1;19;1;1;0;2;5;0;1;2;0;0;39;0;4;2;7;0;0;0;0;1;1;3;0;0;2;0;0;0;0;0;0;0;0;0;0;0;0;0;0;0;2;0;0;1;0
32229-5102;SUCESSO;1;3;0;0;0;0;0;0;0;59;0;0;1;0;0;0;0;0;0;7;1;2;0;1;0;0;0;0;0;0;0;1;0;0;2;0;0;0;9;0;3;0;2;0;1;0;0;2;2;1;12;9;1;3;3;0;0;0;0;0;2;0;0;46;2;1;1;0;16;0;8;0;3;2;0;0;1;0;6;0;5;2;1;0;0;0;1;12;0;44;4;1;1;0;0;0;0;22;0;0;10;6;2;1;0;1;0;1;0;0;0;0;0;2;0;1;1;0;0;0;1;0;3;0;0;1;0;0;0;3;3;0;0;2;1;11;2;1;3;0;0;2;0;2;0;0;0;7;1;0;0;1;1;0;0;0;0;0;36;1;4;1;14;1;4;2;0;0;1;24;1;0;2;0;0;0;5;0;2;0;0;0;0;0;0;0;0;0;1;0;0;1;0
32369-4912;SUCESSO;2;5;0;1;0;0;0;0;0;70;2;0;4;0;0;0;0;3;0;24;2;4;0;0;0;0;1;0;5;3;0;4;0;0;1;0;1;0;10;1;1;0;0;1;4;0;0;2;2;0;10;5;2;5;9;2;0;0;0;0;6;0;0;13;4;2;1;2;2;1;1;0;0;0;0;0;0;0;1;0;0;0;0;0;0;0;0;0;0;41;5;1;0;0;0;0;0;9;1;0;0;0;0;0;0;1;0;0;0;0;0;0;0;6;0;3;0;1;0;1;0;0;9;2;0;1;1;0;0;3;3;1;0;0;1;5;2;0;0;0;0;0;0;2;1;0;0;7;1;0;0;0;3;2;0;0;0;0;27;1;1;1;4;0;1;0;0;0;2;14;5;6;2;0;0;0;0;0;1;0;0;0;0;0;21;13;5;3;7;0;0;1;0
32422-5102;SUCESSO;1;1;0;0;0;0;0;0;0;35;1;0;3;0;0;0;0;2;0;7;1;2;0;2;0;0;0;0;0;0;0;1;0;0;5;1;3;0;3;0;0;0;0;0;0;0;0;2;2;0;1;0;0;1;5;0;0;0;0;0;0;0;0;5;1;0;0;0;4;1;1;0;0;0;0;0;1;0;1;0;1;1;0;0;0;0;0;0;0;12;2;1;0;1;0;0;0;3;0;0;3;1;0;0;0;0;0;0;0;0;0;0;0;1;0;0;0;0;0;0;0;0;1;1;0;0;0;0;0;3;3;2;1;0;0;7;2;0;2;0;0;2;2;2;1;0;0;10;2;0;0;1;3;3;1;0;0;0;10;0;0;0;0;0;0;0;0;0;1;1;0;0;1;0;0;0;0;0;0;0;0;0;0;0;0;0;0;0;0;0;0;1;0
32577-6019;SUCESSO;1;3;0;1;0;0;0;0;0;34;1;0;1;0;0;0;0;2;0;17;0;7;0;2;0;0;2;0;1;0;0;1;0;0;0;0;0;0;3;0;0;0;0;0;0;0;0;4;3;1;6;3;1;3;4;0;0;0;1;1;1;0;0;31;2;1;0;1;14;0;6;0;3;2;1;0;1;0;7;0;3;1;1;0;0;0;5;1;0;38;3;1;1;1;0;0;0;21;0;0;10;3;2;1;0;3;0;1;0;0;0;0;0;4;0;2;2;1;0;2;2;0;1;1;0;2;1;1;1;2;2;1;0;0;0;2;1;0;0;0;0;0;0;2;1;0;0;4;0;0;0;0;2;0;0;0;0;0;23;2;2;1;6;1;1;0;0;0;1;2;0;1;1;0;0;0;0;0;0;0;0;0;0;0;0;0;0;0;1;0;0;1;0
32619-6019;SUCESSO;1;2;0;0;0;0;0;0;0;14;0;0;0;0;0;0;0;2;0;2;0;0;0;0;0;0;0;0;0;0;0;0;0;0;0;0;0;0;1;0;1;0;0;0;0;0;0;0;0;0;3;1;0;1;6;0;0;0;0;0;0;0;0;3;0;0;0;0;0;0;0;0;0;0;0;0;0;0;0;0;0;0;0;0;0;0;0;0;0;7;0;0;0;0;0;0;0;0;0;0;0;0;0;0;0;0;0;0;0;0;0;0;0;0;0;0;0;0;0;0;2;0;0;0;0;0;0;0;0;2;2;1;1;0;1;2;0;0;0;0;0;0;2;2;1;0;1;5;0;0;0;1;1;0;0;0;0;0;18;0;1;0;6;1;1;1;0;0;1;0;0;0;0;0;0;0;0;0;0;0;0;0;0;0;0;0;0;0;0;0;0;1;0
32892-4912;SUCESSO;1;4;0;0;0;0;0;0;0;19;0;0;2;0;0;1;0;1;0;10;0;5;0;2;0;0;0;0;0;0;0;0;0;0;2;0;1;0;1;0;0;0;0;0;0;0;0;3;3;3;10;3;0;7;6;0;0;0;6;5;0;0;0;25;1;0;0;0;9;1;3;0;3;2;0;0;0;0;1;0;1;0;0;0;0;0;2;0;0;32;0;0;0;0;0;0;0;13;0;0;4;1;1;1;0;0;0;0;0;0;0;0;0;1;0;1;1;0;0;0;1;0;0;0;0;0;0;0;0;3;3;1;0;0;0;5;1;0;1;0;0;1;1;2;1;0;0;7;2;0;0;2;3;0;1;0;0;0;10;0;2;2;0;0;0;0;0;0;2;1;0;0;0;0;0;0;0;0;0;0;0;0;0;0;0;0;0;0;0;0;0;1;0
32897-4912;insucesso;0;0;0;0;0;0;0;0;0;7;0;0;0;0;0;0;0;0;0;2;0;1;0;0;0;0;0;0;0;0;0;0;0;0;0;0;0;0;1;0;1;1;0;0;0;0;0;0;0;0;0;0;0;0;1;0;0;1;0;0;0;0;0;1;0;0;0;0;0;0;0;0;0;0;0;0;0;0;0;0;0;0;0;0;0;0;0;0;0;4;1;1;0;0;0;0;0;1;0;0;0;0;0;0;0;0;0;0;0;0;0;0;0;0;0;0;0;0;0;0;0;0;0;0;0;0;0;0;0;0;0;0;0;0;0;0;0;0;0;0;0;0;0;0;0;0;0;1;0;0;0;0;0;0;0;0;0;0;3;0;1;0;2;1;1;1;0;0;0;3;0;0;0;0;0;0;0;0;0;0;0;0;0;0;0;0;0;0;1;0;2;0;0
33161-5102;SUCESSO;1;0;0;0;0;0;0;0;0;17;0;0;1;0;0;1;0;0;0;6;0;2;0;0;0;0;0;0;0;0;0;0;0;0;5;1;1;0;0;0;0;0;1;0;0;0;0;2;2;1;3;1;0;2;5;0;0;0;1;1;0;4;0;11;1;0;0;0;3;0;2;0;2;1;1;1;0;0;0;0;0;0;0;0;0;0;0;1;0;15;0;0;0;0;0;0;0;4;0;0;2;1;1;0;0;0;0;0;0;0;0;0;0;0;0;0;0;0;0;1;0;0;0;0;0;1;0;1;1;7;6;3;2;1;2;14;3;1;0;0;0;0;2;6;0;0;2;14;3;2;0;0;6;2;3;0;0;0;0;0;0;0;0;0;0;0;0;0;1;2;1;0;0;0;0;0;0;0;0;0;0;0;0;1;0;0;0;0;1;1;0;0;0
33410-6547;insucesso;0;7;1;0;0;0;2;2;4;51;1;0;1;0;0;0;1;3;4;14;0;4;0;0;0;0;1;1;1;0;3;0;7;2;1;0;0;1;8;1;2;0;1;0;0;0;0;2;2;0;5;2;0;3;10;0;1;3;0;0;0;5;4;14;1;1;1;0;1;0;1;0;0;0;0;0;0;0;4;2;1;0;0;0;0;0;0;1;1;28;2;0;0;0;0;1;1;9;0;0;0;0;0;0;0;3;2;1;0;0;0;0;1;3;0;0;0;0;2;0;3;1;2;2;1;16;4;4;2;5;5;0;0;3;0;5;5;3;2;1;1;0;1;5;0;2;0;10;0;0;0;0;2;0;0;4;2;0;31;2;1;1;12;0;2;1;1;1;0;4;0;0;2;1;1;1;0;0;0;0;0;0;0;0;0;0;0;0;0;0;0;2;2
33483-4912;SUCESSO;0;4;0;0;0;0;0;0;0;72;1;0;14;0;0;6;0;5;0;23;2;8;0;1;1;0;1;0;1;0;0;2;0;0;9;4;0;0;9;3;3;2;1;1;2;0;0;3;3;1;12;8;2;4;10;3;0;0;4;1;18;6;0;46;4;1;0;1;7;0;4;0;1;1;1;1;1;0;8;0;2;0;0;0;0;0;0;4;0;67;10;2;0;1;0;0;0;20;0;0;2;2;0;0;0;1;0;0;0;0;0;0;0;5;2;0;0;0;0;0;5;0;12;1;0;10;6;4;1;3;2;1;0;0;0;6;1;0;0;0;0;0;0;1;1;0;0;15;8;2;0;4;3;2;4;9;0;0;26;1;5;1;9;0;5;4;0;2;1;27;4;18;1;0;0;0;2;0;3;0;0;0;0;0;1;1;0;0;5;0;0;1;0
33958-5102;SUCESSO;1;2;0;1;0;0;0;0;0;61;1;0;4;0;0;1;0;2;0;10;1;4;0;1;1;0;2;0;0;0;0;0;4;0;2;1;1;0;20;2;4;1;0;1;1;0;0;4;4;3;5;2;1;3;7;2;0;0;0;0;0;1;0;27;6;1;0;2;10;1;7;0;4;2;1;1;0;0;6;0;5;0;5;0;0;0;0;1;0;31;5;0;0;2;0;0;0;17;4;0;5;4;1;0;0;5;0;5;0;0;0;0;0;0;0;0;0;0;0;0;0;0;1;1;0;7;0;5;4;3;3;2;1;0;1;8;1;0;0;0;0;0;1;2;1;0;0;10;4;0;0;0;3;3;0;0;0;0;37;1;5;5;7;1;1;0;0;0;1;2;0;0;1;0;0;0;0;0;1;0;0;0;0;0;0;0;0;0;1;0;0;1;0
34561-5102;SUCESSO;1;7;0;2;0;0;0;0;0;133;3;0;11;0;0;2;0;4;0;35;6;18;1;2;2;0;5;0;4;2;0;0;8;0;15;2;3;0;32;2;10;1;27;2;2;0;0;6;6;4;26;22;3;4;9;1;0;0;7;5;7;3;0;68;14;4;2;1;6;0;3;0;0;0;0;0;1;0;14;0;9;2;5;0;0;0;3;4;0;74;13;2;1;2;0;0;0;45;9;3;6;3;0;0;0;12;0;8;0;0;0;0;0;7;2;4;1;0;0;0;0;0;1;0;0;29;10;20;15;5;5;2;2;0;3;18;4;0;5;0;0;5;2;10;0;0;1;22;6;1;0;0;4;2;3;6;0;0;63;3;8;3;18;2;3;1;0;2;1;61;34;5;0;0;0;0;4;0;3;0;0;0;0;3;0;0;0;0;3;2;0;1;0
34845-4912;SUCESSO;1;4;0;0;0;0;0;0;0;29;3;0;1;0;0;0;0;1;0;4;0;3;1;0;0;0;0;0;0;0;0;0;0;0;2;0;1;0;8;0;2;0;0;1;0;0;0;1;1;1;4;2;1;2;4;1;0;0;0;0;0;0;0;12;3;0;0;2;0;0;0;0;0;0;0;0;0;0;4;0;1;0;1;0;0;0;0;0;0;18;3;0;0;1;0;0;0;7;2;0;0;0;0;0;0;2;0;0;0;0;0;0;0;3;2;0;0;1;0;0;0;0;0;0;0;1;1;0;0;3;3;1;1;2;0;6;2;2;0;0;0;0;1;3;0;0;1;7;2;0;0;0;2;1;0;2;0;0;19;0;0;0;2;0;0;0;0;0;1;1;0;0;0;0;0;0;0;0;1;0;0;0;0;0;0;0;0;0;0;0;0;1;0
34876-6019;SUCESSO;0;3;0;1;0;0;0;0;0;17;0;0;0;0;0;0;0;1;0;4;0;2;0;0;0;0;0;0;0;0;0;0;0;0;1;0;1;0;5;0;0;0;0;0;0;0;0;2;2;0;2;0;0;2;1;0;0;0;0;0;0;0;0;4;1;0;0;1;1;1;0;0;0;0;0;0;0;0;0;0;0;0;0;0;0;0;0;0;0;12;0;0;0;0;0;0;0;2;0;0;0;0;0;0;0;0;0;0;0;0;0;0;0;0;0;0;0;0;0;1;1;0;2;2;0;0;0;0;0;4;4;3;3;0;1;4;1;0;1;0;0;1;4;4;1;0;1;7;1;0;0;0;3;1;0;0;0;0;15;0;0;0;3;0;1;0;0;0;0;2;0;0;2;0;0;0;0;0;0;0;0;0;0;0;0;0;0;0;0;0;0;1;0
34979-4912;insucesso;0;2;0;0;0;1;0;0;0;52;0;0;2;0;0;1;0;0;0;25;1;15;0;5;2;0;3;3;2;1;0;0;2;2;0;0;0;0;8;1;1;1;1;2;0;0;0;3;3;2;6;3;0;3;1;0;0;0;4;0;0;0;0;47;8;5;3;0;11;2;7;2;0;0;0;0;4;0;19;5;13;1;9;8;4;3;1;1;0;62;9;6;0;2;0;1;1;40;5;3;10;6;0;0;0;10;2;9;7;6;4;2;1;5;0;1;0;1;3;0;1;1;1;0;0;11;3;5;4;0;0;0;0;0;0;0;0;0;0;0;0;0;0;0;0;0;0;0;0;0;0;0;0;0;0;0;0;1;22;1;1;1;4;0;2;0;0;2;0;7;1;0;0;0;0;0;2;3;7;4;1;4;1;0;8;0;0;0;1;0;3;1;1
35067-4912;SUCESSO;1;8;0;0;0;0;0;0;0;89;1;0;6;0;0;0;0;1;0;27;1;11;0;2;1;0;0;0;1;0;0;0;0;0;2;1;0;0;16;1;1;1;1;0;2;0;0;3;3;1;17;10;0;6;2;1;0;0;0;0;2;0;0;50;3;1;1;0;8;1;1;0;0;0;0;0;1;0;4;0;2;0;1;0;0;0;2;1;0;66;3;0;0;0;0;0;0;30;1;0;3;1;0;0;0;1;0;1;0;0;0;0;0;3;0;0;0;0;0;1;3;0;2;0;0;5;2;1;0;4;4;1;1;0;1;9;1;0;1;0;0;0;3;3;2;0;1;13;3;3;0;2;4;0;0;0;0;0;65;1;3;2;10;1;1;0;0;1;3;9;0;2;0;0;0;0;0;0;1;0;0;0;0;1;7;2;0;0;7;0;0;1;0
35425-5102;SUCESSO;1;0;0;0;0;0;0;0;0;25;0;0;3;0;0;1;0;0;0;5;0;2;0;1;0;0;0;0;0;0;0;0;0;0;2;0;2;0;5;0;2;0;0;0;0;0;0;3;3;0;1;1;0;0;4;1;0;0;0;0;0;1;0;10;1;0;0;0;4;1;3;0;2;1;0;0;0;0;1;0;0;0;0;0;0;0;0;0;0;15;2;2;2;0;0;0;0;8;0;0;3;2;1;0;0;0;0;0;0;0;0;0;0;4;0;3;1;0;0;0;2;0;0;0;0;1;0;1;0;2;1;1;1;0;0;4;1;0;2;0;0;1;1;1;0;0;0;2;0;0;0;0;2;0;0;1;0;0;19;0;1;1;4;1;0;0;0;1;1;1;0;0;0;0;0;0;0;0;0;0;0;0;0;0;0;0;0;0;1;0;0;0;0
35491-4912;SUCESSO;1;3;0;1;0;0;0;0;0;84;1;0;4;0;0;1;0;3;0;20;0;11;1;2;2;1;0;0;2;0;0;1;2;0;5;2;0;0;14;0;3;1;2;2;1;0;0;3;2;2;9;4;0;5;9;1;0;0;1;0;1;0;0;61;6;1;1;1;9;0;6;0;3;2;2;1;3;0;12;0;11;4;4;0;0;0;0;2;0;72;5;1;0;0;0;0;0;36;2;0;6;4;1;1;1;10;0;9;0;0;0;0;0;3;0;2;0;2;0;1;1;0;1;1;0;5;2;1;0;7;7;1;1;4;1;15;7;4;1;0;0;1;1;6;0;0;3;18;4;0;0;1;6;2;2;2;0;0;32;1;2;1;10;2;3;0;0;2;1;6;2;1;1;0;0;0;0;0;2;0;0;0;0;4;0;0;0;0;2;2;0;1;0
35500-4912;SUCESSO;1;11;0;0;0;0;0;0;0;118;7;0;11;0;0;3;0;2;0;50;0;25;0;7;1;1;2;0;4;0;0;0;0;0;3;0;0;0;11;0;1;0;0;1;1;0;0;2;2;1;22;12;2;10;6;1;0;0;3;3;0;0;0;66;4;0;0;1;21;0;7;0;3;1;0;0;3;0;12;0;6;4;0;0;0;0;2;0;0;97;5;1;1;0;0;0;0;45;1;0;15;5;2;1;0;2;0;1;0;0;0;0;0;12;0;3;1;2;0;2;2;0;2;1;0;1;1;0;0;8;7;2;2;1;3;9;4;1;2;0;0;1;4;7;1;0;1;17;4;2;0;0;6;1;1;0;0;0;41;0;1;0;3;0;2;0;0;1;1;8;1;0;2;0;0;0;3;0;3;0;0;0;0;1;1;0;0;0;4;0;0;1;0
35547-4912;SUCESSO;1;11;0;4;0;0;0;0;0;72;6;0;7;0;0;1;0;2;0;18;1;8;1;2;1;1;1;0;0;0;0;1;0;0;3;0;1;0;12;0;1;0;0;1;0;0;0;5;5;4;6;2;1;4;5;1;0;0;2;2;2;0;0;53;4;0;0;0;15;0;6;0;3;1;1;1;1;0;5;0;3;1;2;0;0;0;0;4;0;52;10;2;1;2;0;0;0;19;2;0;3;1;1;0;0;3;0;1;0;0;0;0;0;0;0;0;0;0;0;0;0;0;5;4;0;1;0;1;1;3;3;2;0;1;0;24;1;1;3;0;0;1;1;2;1;0;0;9;2;2;0;1;2;0;1;0;0;0;37;0;0;0;4;0;1;0;0;0;1;13;2;2;5;0;0;0;4;0;2;0;0;0;0;2;5;1;0;0;5;2;0;1;0
35558-5102;SUCESSO;1;15;0;1;0;0;0;0;0;149;9;0;5;0;0;3;0;8;0;50;1;30;3;13;7;5;0;0;2;0;0;0;1;0;11;2;3;0;18;3;5;2;0;0;1;0;0;4;4;3;17;12;5;5;18;1;0;0;2;2;5;3;0;75;23;2;0;5;37;10;18;0;12;6;3;1;4;0;5;0;4;2;1;0;0;0;1;1;0;91;6;1;1;0;0;0;0;52;6;0;26;11;9;4;2;2;0;1;0;0;0;0;0;5;1;1;1;1;0;0;1;0;2;0;0;4;2;1;1;4;4;0;0;1;1;10;3;1;4;0;0;2;2;4;1;0;2;23;6;2;0;3;3;1;1;2;0;0;46;1;11;6;11;6;3;1;0;4;1;9;1;5;0;0;0;0;1;0;0;0;0;0;0;5;0;0;0;0;4;4;0;1;0
35637-5102;insucesso;0;4;1;0;0;0;1;0;0;58;2;0;3;0;0;0;1;1;0;19;1;6;0;0;0;0;0;0;1;0;1;1;0;0;5;2;2;0;7;0;2;0;0;0;0;0;0;3;3;2;2;1;0;1;1;0;0;0;3;0;1;0;0;14;1;0;0;0;2;0;1;0;0;0;0;0;0;1;0;0;0;0;0;0;0;0;0;2;0;26;2;1;0;0;0;1;1;10;0;0;1;1;0;0;0;0;0;0;0;0;0;0;1;1;0;0;0;0;0;0;1;0;3;1;1;2;2;0;0;6;4;1;0;1;0;8;2;1;3;1;1;0;1;3;0;1;1;9;3;0;1;0;5;0;0;1;1;1;13;1;0;0;5;0;1;0;0;0;0;7;0;1;2;1;0;0;1;0;1;1;0;0;0;0;0;0;0;0;2;0;0;1;0
35659-6547;insucesso;0;2;0;0;1;0;1;1;0;29;2;0;1;0;0;0;0;1;0;10;0;2;0;0;0;0;1;1;1;1;0;2;0;0;2;1;1;0;2;0;1;0;0;1;2;0;0;2;1;0;4;1;0;3;2;0;0;0;0;0;0;0;0;7;1;0;0;0;3;1;3;1;2;1;1;0;0;0;1;0;1;0;0;0;0;0;0;0;0;18;1;0;0;0;0;0;0;5;0;0;1;1;1;0;0;1;0;1;0;0;0;0;0;4;0;2;0;0;1;0;0;0;2;2;2;2;0;2;0;2;2;1;1;1;0;3;2;1;1;1;1;0;1;2;0;0;1;4;1;0;0;0;1;0;0;1;0;0;6;0;0;0;1;0;0;0;0;0;0;2;0;0;2;2;0;0;0;0;1;0;0;0;0;0;1;0;0;0;3;0;0;1;1
35677-5786;insucesso;0;5;0;0;0;1;1;1;1;41;1;0;3;0;0;1;0;0;0;14;0;8;0;0;0;0;6;2;1;1;0;0;0;0;3;1;1;1;15;3;3;1;0;0;0;0;0;0;0;0;4;1;0;3;1;0;0;0;0;0;0;1;0;28;1;1;1;0;8;0;2;0;0;0;0;0;3;1;16;5;10;3;5;5;4;4;0;5;3;39;8;2;0;2;0;0;0;24;1;1;7;2;0;0;0;15;5;9;5;5;4;4;3;2;0;1;0;0;0;0;0;0;4;3;1;0;0;0;0;1;1;0;0;0;0;2;1;0;0;0;0;0;0;1;0;1;0;7;4;0;0;0;1;0;0;1;0;0;24;2;5;2;5;1;2;0;0;1;0;16;2;0;4;1;3;3;0;0;0;0;0;0;0;0;0;0;0;0;1;0;1;1;1
35677-6547;insucesso;0;2;1;0;0;0;1;0;3;26;0;0;1;0;0;0;0;1;5;9;0;2;0;0;0;0;2;0;0;0;1;1;1;1;0;0;0;2;5;0;1;0;0;0;0;0;0;1;1;0;0;0;0;0;3;0;1;0;0;0;0;5;2;17;5;2;1;0;5;1;2;0;1;0;0;0;1;0;6;1;3;0;2;2;1;1;0;0;0;18;1;0;0;1;0;1;1;9;3;1;2;1;1;0;0;5;0;3;1;1;1;1;0;1;0;0;0;0;0;0;2;0;1;1;0;1;0;1;1;1;1;0;0;1;0;1;1;1;0;0;0;0;0;1;0;0;0;3;2;0;0;0;1;0;0;5;1;0;10;0;0;0;1;0;0;0;0;3;0;1;0;0;1;0;0;0;0;0;0;0;0;0;0;0;0;0;0;0;0;0;0;1;0
35686-5102;SUCESSO;1;9;0;0;0;0;0;0;0;121;5;0;5;0;0;0;0;4;0;35;1;16;1;7;2;1;0;0;6;3;0;0;0;0;16;1;2;0;9;2;3;1;1;1;0;0;0;4;3;3;3;0;0;3;13;1;0;0;2;2;0;2;0;52;4;0;0;0;19;0;9;0;3;2;1;1;0;0;3;0;2;0;0;0;0;0;1;1;0;117;3;1;0;0;0;0;0;41;4;0;13;6;2;2;1;2;0;1;0;0;0;0;0;12;1;4;1;0;0;2;5;0;1;0;0;0;0;0;0;6;6;4;4;0;1;6;1;0;0;0;0;0;4;7;0;0;2;37;6;1;0;6;5;1;4;1;0;0;32;0;6;3;10;2;3;1;0;3;1;10;2;0;3;0;0;0;5;0;1;0;0;0;0;0;0;0;0;0;2;0;0;1;0
35699-5102;SUCESSO;1;3;0;0;0;0;0;0;0;64;2;0;6;0;0;1;0;1;0;10;0;5;0;2;2;1;1;0;1;0;0;1;2;0;3;0;3;0;9;1;2;1;1;1;1;0;0;3;3;0;10;7;0;3;6;1;0;0;0;0;8;1;0;19;0;0;0;0;4;0;2;0;1;1;0;0;0;0;3;0;1;0;0;0;0;0;0;1;0;38;1;0;0;0;0;0;0;11;0;0;3;2;1;1;0;1;0;0;0;0;0;0;0;3;0;0;0;0;0;0;2;0;3;0;0;5;2;2;1;4;4;0;0;2;1;7;3;2;1;0;0;0;1;3;1;0;1;12;2;1;0;1;4;1;1;3;0;0;26;0;3;1;5;1;2;2;0;1;1;15;1;7;0;0;0;0;0;0;3;0;0;0;0;0;0;0;0;0;2;0;0;1;0
35700-5102;SUCESSO;1;3;0;0;0;0;0;0;0;41;1;0;4;0;0;2;0;1;0;9;0;2;1;0;0;0;0;0;0;0;0;4;0;0;5;2;2;0;9;0;3;0;0;0;0;0;0;3;3;0;4;1;1;3;4;0;0;0;0;0;14;0;0;6;4;0;0;3;1;1;0;0;0;0;0;0;0;0;0;0;0;0;0;0;0;0;0;0;0;26;3;0;0;2;0;0;0;5;2;0;1;0;0;0;0;0;0;0;0;0;0;0;0;1;0;0;0;0;0;0;0;0;9;0;0;1;0;0;0;7;7;4;2;2;1;14;5;2;7;0;0;4;3;6;1;0;3;13;5;1;0;0;6;0;2;1;0;0;31;0;0;0;5;0;1;1;0;0;1;15;1;13;0;0;0;0;0;0;1;0;0;0;0;0;0;0;0;0;0;0;0;1;0
35709-5102;SUCESSO;0;6;0;0;0;0;0;0;0;57;2;0;2;0;0;2;0;1;0;27;0;17;0;5;2;1;5;0;4;2;0;0;1;0;2;0;0;0;8;1;3;0;0;1;0;0;0;1;1;1;0;0;0;0;5;0;0;0;0;0;2;2;0;48;3;0;0;1;26;2;14;0;7;4;4;2;5;0;14;0;5;4;2;0;0;0;0;1;0;62;2;0;0;0;0;0;0;35;0;0;16;9;4;2;2;9;0;4;0;0;0;0;0;12;0;6;3;0;0;0;6;0;2;0;0;2;0;1;0;2;2;2;1;0;0;10;0;0;6;0;0;1;2;2;1;0;1;6;1;0;0;0;2;1;1;0;0;0;24;1;2;0;6;0;1;1;0;0;0;10;0;2;2;0;0;0;1;0;4;0;0;0;0;0;1;0;0;0;1;0;0;1;0
35718-4912;SUCESSO;1;6;0;1;0;0;0;0;0;106;4;0;6;0;0;1;0;3;0;42;2;22;3;4;0;0;2;0;8;3;0;1;1;0;3;1;1;0;13;1;6;4;2;0;7;0;0;4;4;2;17;9;3;8;6;0;0;0;1;1;6;2;0;58;12;5;5;1;15;4;7;0;6;2;1;1;2;0;7;0;2;1;1;0;0;0;2;0;0;77;3;2;1;0;0;0;0;41;6;3;13;5;5;1;1;4;0;0;0;0;0;0;0;14;0;6;1;4;0;2;3;0;3;0;0;4;1;0;0;3;3;1;0;0;1;7;2;0;0;0;0;0;1;4;1;0;1;12;2;1;0;1;3;1;0;0;0;0;48;1;6;2;13;2;8;5;0;0;2;12;1;6;0;0;0;0;2;0;1;0;0;0;0;2;113;53;35;17;11;2;0;1;0
35729-4912;SUCESSO;1;14;0;2;0;0;0;0;0;148;9;0;7;0;0;1;0;7;0;44;4;20;2;10;6;5;1;0;2;1;0;1;1;0;11;2;3;0;11;2;3;1;0;0;3;0;0;5;5;1;22;14;2;8;13;2;0;0;0;0;0;1;0;126;20;6;2;5;55;9;30;0;21;16;12;8;2;0;10;0;2;1;0;0;0;0;2;0;0;116;8;2;0;0;0;0;0;57;7;2;24;15;11;10;9;4;0;0;0;0;0;0;0;13;2;5;0;2;0;2;2;0;2;1;0;7;2;1;1;5;5;1;1;2;1;9;3;1;2;0;0;0;1;4;0;0;1;24;8;4;0;1;3;2;0;1;0;0;46;0;5;1;5;2;2;0;0;0;1;4;1;0;2;0;0;0;1;0;0;0;0;0;0;2;13;2;1;0;7;2;0;1;0
35738-4912;SUCESSO;1;3;0;1;0;0;0;0;0;57;2;0;12;0;0;1;0;1;0;7;0;3;1;1;1;1;0;0;0;0;0;0;5;0;5;0;2;0;19;1;6;1;2;1;2;0;0;3;3;3;6;1;0;4;5;3;0;0;2;1;5;1;0;22;2;0;0;0;6;0;5;0;5;2;1;0;1;0;3;0;0;0;0;0;0;0;2;4;0;36;3;0;0;1;0;0;0;11;2;0;1;1;1;0;0;2;0;0;0;0;0;0;0;1;0;0;0;0;0;0;1;0;3;2;0;7;2;6;1;6;6;1;1;3;1;10;4;2;1;0;0;0;1;6;0;0;2;14;2;0;0;0;6;4;0;1;0;0;40;1;3;1;10;1;2;0;0;1;2;15;2;4;3;0;0;0;3;0;1;0;0;0;0;0;16;10;4;2;3;0;0;1;0
35745-4912;SUCESSO;1;4;0;1;0;0;0;0;0;112;1;0;20;0;0;5;0;4;0;51;6;21;6;5;4;2;4;0;3;2;0;2;0;0;5;3;2;0;19;1;2;0;1;0;4;0;0;3;3;2;10;5;2;4;7;1;0;0;2;1;1;0;0;53;15;6;3;1;20;4;12;0;5;4;3;2;2;0;9;0;4;0;3;0;0;0;0;0;0;81;20;8;3;2;0;0;0;35;7;4;13;10;5;4;3;7;0;4;0;0;0;0;0;10;2;3;1;0;0;0;3;0;3;3;0;0;0;0;0;3;3;1;1;0;1;9;1;0;2;0;0;1;2;2;1;0;0;10;6;3;0;0;3;1;0;1;0;0;45;1;5;2;4;1;0;0;0;1;2;5;0;1;3;0;0;0;0;0;0;0;0;0;0;0;10;8;5;4;5;0;0;1;0
35751-4912;SUCESSO;1;9;0;0;0;0;0;0;0;122;4;0;12;0;0;8;0;4;0;71;4;42;8;11;8;4;6;0;7;4;0;0;0;0;2;0;1;0;12;0;1;1;0;0;2;0;0;5;4;1;13;9;0;4;11;2;0;0;5;5;0;1;0;86;20;13;7;3;33;6;19;0;10;8;3;3;11;0;21;0;13;5;1;0;0;0;4;2;0;106;17;7;4;3;0;0;0;66;12;6;24;16;9;8;3;10;0;4;0;0;0;0;0;12;2;7;2;2;0;2;3;0;0;0;0;0;0;0;0;5;5;1;0;1;1;10;3;1;3;0;0;1;1;3;1;0;1;14;2;2;0;0;3;4;0;0;0;0;45;1;6;2;2;1;2;0;0;0;3;4;2;0;2;0;0;0;0;0;0;0;0;0;0;0;7;2;1;1;2;0;0;1;0
35788-4912;SUCESSO;1;7;0;3;0;0;0;0;0;129;6;0;6;0;0;2;0;7;0;58;4;25;3;6;2;1;2;0;6;2;0;1;0;0;8;1;0;0;15;1;6;4;0;0;2;0;0;8;7;4;19;10;1;7;15;2;0;0;3;3;0;0;0;59;11;4;1;1;10;4;3;0;2;1;0;0;1;0;6;0;2;0;0;0;0;0;1;0;0;104;14;2;0;2;0;0;0;42;8;0;9;2;1;1;0;2;0;1;0;0;0;0;0;15;2;4;2;0;0;3;5;0;2;1;0;5;0;5;3;3;3;0;0;2;1;20;3;2;9;0;0;4;0;4;0;0;1;22;4;2;0;4;2;0;4;0;0;0;37;1;5;0;13;2;9;7;0;0;10;4;0;0;1;0;0;0;1;0;0;0;0;0;0;1;10;5;1;1;7;0;0;1;0
35812-5102;SUCESSO;1;4;0;0;0;0;0;0;0;27;2;0;0;0;0;0;0;1;0;4;0;1;0;0;0;0;0;0;1;1;0;0;0;0;5;0;1;0;8;0;2;0;0;0;0;0;0;5;5;0;0;0;0;0;4;0;0;0;0;0;2;0;0;4;0;0;0;0;1;0;0;0;0;0;0;0;0;0;0;0;0;0;0;0;0;0;1;1;0;17;0;0;0;0;0;0;0;3;0;0;0;0;0;0;0;0;0;0;0;0;0;0;0;4;0;2;0;2;0;0;1;0;3;1;0;0;0;0;0;3;2;2;1;0;0;9;0;0;2;0;0;0;1;1;0;0;0;11;0;0;0;0;2;2;0;0;0;0;44;0;3;0;9;2;3;1;0;0;2;4;0;0;1;0;0;0;0;0;1;0;0;0;0;0;2;1;0;0;1;0;0;1;0
35816-5786;SUCESSO;1;5;0;3;0;0;0;0;0;60;3;0;6;0;0;3;0;3;0;30;0;18;2;0;0;0;1;0;3;1;0;0;1;0;4;0;1;0;4;0;0;0;3;0;0;0;0;3;3;1;16;10;4;6;5;1;0;0;0;0;8;0;0;62;10;2;2;0;6;0;3;0;2;1;0;0;1;0;2;0;2;0;1;0;0;0;1;1;0;58;7;1;1;0;0;0;0;31;3;0;1;1;1;0;0;1;0;1;0;0;0;0;0;8;5;1;0;1;0;4;1;0;2;0;0;4;2;1;0;7;6;1;1;3;2;12;4;3;0;0;0;0;2;6;1;0;3;15;4;2;0;0;7;3;1;1;0;0;21;1;3;0;3;0;1;0;0;0;1;13;2;7;2;0;0;0;4;0;1;0;0;0;0;0;7;1;1;1;6;0;0;1;0
35854-5102;SUCESSO;1;11;0;0;0;0;0;0;0;132;4;0;6;0;0;0;0;5;0;31;0;16;0;7;1;0;1;0;4;3;0;1;2;0;10;0;0;0;18;1;4;1;0;1;5;0;0;2;2;1;2;0;0;2;15;1;0;0;0;0;1;1;0;48;6;0;0;0;20;3;4;0;0;0;0;0;0;0;2;0;1;1;0;0;0;0;1;1;0;75;0;0;0;0;0;0;0;36;1;0;17;4;0;0;0;1;0;1;0;0;0;0;0;13;0;7;2;1;0;2;6;0;3;1;0;3;0;3;2;3;3;1;1;1;1;24;2;1;3;0;0;1;1;2;0;0;0;22;1;0;0;4;3;2;0;0;0;0;53;1;4;1;16;1;4;3;0;0;1;12;2;1;3;0;0;0;4;0;2;0;0;0;0;4;14;4;3;3;15;3;0;1;0
35876-4912;SUCESSO;1;6;0;1;0;0;0;0;0;80;3;0;2;0;0;0;0;4;0;23;5;8;0;2;0;0;4;0;0;0;0;3;2;0;2;1;1;0;20;2;4;1;0;1;1;0;0;4;4;2;6;1;0;5;8;1;0;0;0;0;0;0;0;21;2;0;0;1;7;1;0;0;0;0;0;0;3;0;12;0;7;1;3;0;0;0;1;2;0;57;19;4;1;2;0;0;0;15;1;0;4;0;0;0;0;9;0;6;0;0;0;0;0;1;0;0;0;0;0;0;2;0;3;0;0;4;3;0;0;6;6;2;1;2;2;8;4;2;1;0;0;0;1;5;1;0;2;12;4;1;0;0;4;0;1;0;0;0;52;0;6;2;10;1;2;0;0;1;1;3;0;0;2;0;0;0;1;0;1;0;0;0;0;0;0;0;0;0;3;0;0;1;0
35880-5786;insucesso;0;7;1;0;1;3;2;2;0;41;4;3;6;1;1;1;1;2;1;7;0;2;0;1;0;0;1;1;0;0;2;1;0;0;2;0;0;2;11;0;4;1;4;2;3;0;0;0;0;0;0;0;0;0;3;0;1;1;0;0;11;1;0;6;1;0;0;0;3;1;1;1;1;0;0;0;0;2;1;0;1;0;0;0;0;0;0;2;0;10;0;0;0;0;0;0;0;4;0;0;3;1;1;0;0;1;0;1;0;0;0;0;0;0;0;0;0;0;0;0;3;0;2;0;0;0;0;0;0;2;2;1;1;1;0;3;1;0;0;0;0;0;1;3;0;1;0;10;1;0;0;0;2;0;0;5;3;2;32;2;2;0;13;1;7;3;1;1;0;17;1;10;0;0;0;0;1;2;6;3;3;3;3;0;0;0;0;0;4;0;0;2;2
35880-6547;SUCESSO;0;2;0;0;0;0;0;0;0;36;1;0;1;0;0;0;0;2;0;7;0;1;0;0;0;0;0;0;1;1;0;1;0;0;2;1;0;0;15;2;5;4;1;0;1;0;0;0;0;0;0;0;0;0;3;0;0;0;0;0;3;0;0;11;3;0;0;2;1;0;0;0;0;0;0;0;0;0;0;0;0;0;0;0;0;0;0;0;0;14;1;1;0;0;0;0;0;7;3;0;0;0;0;0;0;0;0;0;0;0;0;0;0;1;0;1;0;0;0;0;1;0;1;0;0;0;0;0;0;0;0;0;0;0;0;0;0;0;0;0;0;0;0;0;0;0;0;4;1;0;0;0;0;0;0;2;0;0;28;3;2;2;7;0;4;2;0;0;0;5;2;1;0;0;0;0;0;0;0;0;0;0;0;1;0;0;0;0;2;1;0;1;0
35906-5102;SUCESSO;1;26;0;0;0;0;0;0;0;106;13;0;1;0;0;0;0;3;0;44;3;22;2;13;7;4;1;0;1;0;0;1;2;0;2;0;0;0;9;1;1;1;0;1;5;0;0;3;2;2;4;0;0;4;4;0;0;0;0;0;14;0;0;54;6;4;2;0;29;4;14;0;9;6;1;1;4;0;8;0;4;1;0;0;0;0;4;4;0;81;4;2;0;1;0;0;0;38;2;2;21;10;5;3;1;3;0;2;0;0;0;0;0;5;0;0;0;0;0;2;3;0;3;2;0;9;3;3;2;3;3;1;1;1;1;12;2;0;6;0;0;2;1;2;0;0;1;12;2;2;0;1;1;0;1;1;0;0;46;0;2;1;8;0;3;2;0;2;1;29;6;13;3;0;0;0;9;0;6;0;0;0;0;9;0;0;0;0;10;9;0;1;0
35908-4912;SUCESSO;4;5;0;1;0;0;0;0;0;80;3;0;4;0;0;2;0;8;0;19;4;1;0;1;0;0;0;0;1;0;0;6;10;0;3;0;0;0;16;1;6;1;2;2;0;0;0;3;3;0;10;7;1;3;20;2;0;0;0;0;24;11;0;28;4;1;0;0;7;0;2;0;1;1;0;0;0;0;1;0;1;0;0;0;0;0;0;3;0;56;11;1;0;2;0;0;0;8;1;0;2;1;1;1;0;0;0;0;0;0;0;0;0;2;1;0;0;0;0;0;1;0;15;0;0;18;4;11;1;8;8;2;2;2;2;19;6;2;6;0;0;1;2;6;0;0;3;19;4;2;0;0;6;3;2;5;0;0;38;1;3;0;9;2;1;0;0;7;4;42;14;20;0;0;0;0;5;0;6;0;0;0;0;0;14;7;4;2;5;0;0;1;0
35920-4912;SUCESSO;1;7;0;2;0;0;0;0;0;129;4;0;3;0;0;0;0;7;0;38;0;21;1;11;8;6;2;0;3;1;0;4;2;0;4;0;2;0;17;0;1;0;1;2;5;0;0;6;6;3;16;9;2;7;9;0;0;0;2;1;4;0;0;67;12;6;4;0;33;3;25;0;17;15;11;8;3;0;8;0;6;5;0;0;0;0;1;2;0;75;13;5;2;2;0;0;0;43;4;2;24;19;13;12;9;4;0;3;0;0;0;0;0;7;4;2;1;3;0;0;3;0;6;2;0;4;0;4;4;3;3;1;1;0;1;7;2;0;0;0;0;0;1;2;0;0;0;16;4;2;0;1;3;3;0;2;0;0;59;3;2;0;12;1;1;1;0;2;1;14;2;4;4;0;0;0;1;0;2;0;0;0;0;4;17;2;2;0;10;4;0;1;0
35921-5102;insucesso;0;2;0;0;1;0;0;0;1;44;0;0;12;10;6;0;2;0;0;1;0;0;0;0;0;0;0;0;0;0;0;1;3;2;1;0;0;0;6;1;2;2;1;1;0;0;0;3;2;1;5;4;0;1;0;0;0;0;0;0;6;2;0;12;0;0;0;0;5;0;1;0;0;0;0;0;1;0;1;0;0;0;0;0;0;0;0;1;1;18;1;0;0;0;0;1;1;3;0;0;1;1;0;0;0;0;0;0;0;0;0;0;0;3;0;0;0;1;0;0;2;1;3;0;0;10;0;3;0;2;1;1;1;0;0;12;1;0;7;0;0;0;1;1;0;0;0;5;0;0;0;0;0;0;0;1;0;3;26;0;4;0;8;1;5;1;1;4;0;12;2;5;0;0;1;1;3;0;10;0;2;4;1;0;0;0;0;0;1;0;4;1;1
35923-4912;insucesso;0;4;0;0;0;0;1;0;1;39;1;0;1;0;0;0;0;1;1;8;0;2;0;0;0;0;0;0;1;1;0;0;0;0;2;2;0;1;6;0;0;0;0;1;1;0;0;1;1;1;0;0;0;0;4;0;0;1;0;0;2;2;1;8;1;0;0;0;5;1;3;1;2;1;1;0;0;1;0;0;0;0;0;0;0;0;0;1;0;23;1;0;0;0;0;0;0;5;0;0;2;1;1;0;0;0;0;0;0;0;0;0;0;3;0;1;0;1;0;0;1;0;0;0;0;1;0;1;0;1;1;1;0;0;0;1;0;0;0;0;0;0;0;1;0;0;0;6;4;0;1;0;1;0;0;1;1;0;25;0;0;0;6;0;3;1;1;1;0;5;0;1;1;1;1;0;0;0;3;0;0;0;0;0;0;0;0;0;3;0;1;1;0
35937-4912;SUCESSO;1;12;0;2;0;0;0;0;0;155;8;0;13;0;0;3;0;6;0;51;4;21;4;5;4;2;2;0;5;1;0;0;0;0;12;2;4;0;24;3;3;0;0;0;2;0;0;5;5;4;17;9;5;8;6;0;0;0;3;2;0;1;0;54;15;5;5;0;10;1;6;0;3;1;1;0;2;0;13;0;6;1;3;0;0;0;0;0;0;96;14;4;2;2;0;0;0;37;6;3;10;6;3;1;1;8;0;3;0;0;0;0;0;7;0;1;0;1;0;1;3;0;0;0;0;7;6;1;0;6;6;2;0;2;2;20;3;2;8;0;0;1;2;4;2;0;0;23;4;1;0;6;5;0;0;1;0;0;47;1;4;2;7;1;0;0;0;0;1;2;0;0;0;0;0;0;1;0;0;0;0;0;0;1;0;0;0;0;2;1;0;1;0
35944-5786;SUCESSO;1;7;0;0;0;0;0;0;0;89;3;0;1;0;0;0;0;4;0;38;0;25;0;13;8;3;0;0;3;1;0;0;0;0;3;0;1;0;17;2;5;1;1;0;1;0;0;3;3;2;12;10;5;2;6;2;0;0;2;2;1;0;0;88;17;4;3;3;40;6;24;0;12;5;2;1;7;0;10;0;7;4;1;0;0;0;3;7;0;94;4;0;0;0;0;0;0;61;2;0;31;18;10;5;2;2;0;1;0;0;0;0;0;7;0;5;4;2;0;0;3;0;1;1;0;0;0;0;0;3;3;3;2;0;0;22;2;0;2;0;0;1;3;3;1;0;1;7;2;1;0;1;3;1;0;0;0;0;39;0;4;1;8;0;1;0;0;0;3;12;3;1;4;0;0;0;3;0;1;0;0;0;0;0;0;0;0;0;1;0;0;1;0
35950-4912;SUCESSO;1;4;0;1;0;0;0;0;0;69;1;0;2;0;0;0;0;1;0;15;1;4;0;1;1;0;0;0;1;0;0;1;0;0;3;0;0;0;6;0;3;0;0;1;0;1;1;3;3;1;7;2;0;4;5;0;0;0;2;1;3;1;0;26;2;1;0;0;7;1;5;0;0;0;0;0;1;0;1;0;0;0;0;0;0;0;1;1;0;41;2;1;0;1;1;0;0;11;0;0;3;3;0;0;0;0;0;0;0;0;0;0;0;7;1;0;0;3;0;0;0;0;1;1;0;2;0;0;0;4;4;1;0;2;1;8;3;2;0;0;0;0;0;5;0;0;1;11;3;0;0;0;3;0;3;0;0;0;20;1;1;1;6;1;1;0;0;2;1;5;0;2;2;0;0;0;0;0;1;0;0;0;0;0;0;0;0;0;0;0;0;1;0
35958-5786;SUCESSO;0;6;0;0;0;0;0;0;0;35;3;0;1;0;0;0;0;1;0;6;1;2;0;1;1;1;0;0;1;0;0;0;1;0;4;0;1;0;6;2;2;2;0;0;0;0;0;1;1;0;3;0;0;3;1;0;0;0;0;0;0;0;0;5;2;0;0;0;3;1;2;0;2;2;2;2;0;0;0;0;0;0;0;0;0;0;0;0;0;18;4;0;0;0;0;0;0;3;1;0;2;2;2;2;2;0;0;0;0;0;0;0;0;1;0;0;0;0;0;0;1;0;1;0;0;2;0;1;1;4;4;1;0;3;0;4;1;1;0;0;0;0;0;4;1;0;1;11;1;1;0;0;4;0;1;0;0;0;17;0;4;1;6;1;2;1;0;0;0;1;0;0;0;0;0;0;0;0;0;0;0;0;0;0;0;0;0;0;1;0;0;1;0
35962-5102;SUCESSO;1;1;0;0;0;0;0;0;0;115;0;0;14;0;0;2;0;3;0;22;3;6;2;1;1;1;2;0;0;0;0;2;3;0;7;1;2;0;13;0;4;0;1;0;2;0;0;4;4;1;9;5;2;4;11;0;0;0;0;0;5;8;0;19;9;1;0;1;3;0;1;0;1;0;0;0;1;0;3;0;2;0;1;0;0;0;0;0;0;48;11;2;1;3;0;0;0;14;6;1;2;1;1;0;0;3;0;2;0;0;0;0;0;2;0;0;0;0;0;0;1;0;2;0;0;10;7;1;1;8;8;5;2;3;0;11;4;2;0;0;0;0;2;6;1;0;1;19;6;0;0;0;6;2;0;4;0;0;31;3;3;0;9;0;1;0;0;4;1;6;1;5;0;0;0;0;1;0;3;0;0;0;0;4;1;0;0;0;6;4;0;1;0
35968-6019;SUCESSO;0;2;0;1;0;0;0;0;0;30;1;0;1;0;0;0;0;0;0;2;1;0;0;0;0;0;0;0;0;0;0;0;0;0;2;1;1;0;2;0;0;0;0;0;0;0;0;2;2;1;3;1;1;2;3;0;0;0;0;0;0;0;0;6;2;0;0;0;0;0;0;0;0;0;0;0;0;0;0;0;0;0;0;0;0;0;0;1;0;15;1;0;0;0;0;0;0;2;1;0;0;0;0;0;0;0;0;0;0;0;0;0;0;3;0;0;0;0;0;0;1;0;0;0;0;1;1;0;0;4;4;1;1;2;0;6;3;2;2;0;0;1;2;4;1;0;0;6;2;0;0;0;3;0;0;0;0;0;41;0;0;0;9;0;3;0;0;1;0;2;0;0;1;0;0;0;0;0;0;0;0;0;0;0;0;0;0;0;0;0;0;1;0
35972-5102;SUCESSO;1;3;0;0;0;0;0;0;0;37;2;0;1;0;0;1;0;1;0;5;0;5;2;0;0;0;1;0;0;0;0;0;0;0;8;3;0;0;10;0;3;1;0;0;0;0;0;3;3;2;3;1;1;3;4;1;0;0;2;2;0;0;0;12;3;0;0;1;2;0;1;0;0;0;0;0;0;0;3;0;1;0;1;0;0;0;0;0;0;19;1;0;0;0;0;0;0;10;2;0;1;1;0;0;0;3;0;1;0;0;0;0;0;0;0;0;0;0;0;0;0;0;1;1;0;0;0;0;0;2;2;1;0;1;0;3;1;1;0;0;0;0;0;1;0;0;0;11;5;1;0;0;1;1;1;0;0;0;27;1;0;0;5;0;1;0;0;0;1;1;0;0;1;0;0;0;0;0;0;0;0;0;0;0;0;0;0;0;1;0;0;1;0
35979-5102;SUCESSO;0;5;0;2;0;0;0;0;0;51;1;0;3;0;0;0;0;3;0;12;0;6;0;4;4;2;0;0;0;0;0;0;0;0;3;0;0;0;13;1;4;0;0;0;2;0;0;3;3;1;2;1;0;1;7;0;0;0;0;0;0;0;0;19;3;0;0;0;12;3;10;0;8;4;3;3;1;0;1;0;1;1;0;0;0;0;3;1;0;34;3;0;0;0;0;0;0;13;0;0;9;8;6;3;2;0;0;0;0;0;0;0;0;6;0;2;1;1;0;1;4;0;1;1;0;4;1;3;1;5;5;3;1;1;1;7;3;1;3;0;0;2;1;4;1;0;2;13;3;1;0;1;4;1;3;0;0;0;42;1;5;0;9;1;2;1;0;1;0;6;1;0;1;0;0;0;0;0;1;0;0;0;0;4;0;0;0;0;4;3;0;1;0
35990-5102;SUCESSO;1;4;0;1;0;0;0;0;0;111;3;0;7;0;0;2;0;3;0;24;3;14;0;5;4;3;5;0;2;0;0;2;0;0;11;2;2;0;31;4;7;3;0;1;2;3;2;3;3;1;7;3;1;4;7;3;0;0;0;0;0;0;0;36;8;0;0;0;16;4;12;0;7;2;1;1;1;0;14;0;7;2;5;0;0;0;0;2;0;48;14;6;1;2;3;0;0;29;3;0;14;10;5;1;1;11;0;6;0;0;0;0;0;3;1;0;0;1;0;0;0;0;2;2;0;0;0;0;0;3;3;1;0;0;1;7;1;0;5;0;0;3;2;7;2;0;3;22;6;0;0;1;3;1;1;0;0;0;64;1;7;5;16;2;6;4;0;0;1;4;1;0;2;0;0;0;0;0;1;0;0;0;0;0;0;0;0;0;2;0;0;1;0
35999-5102;SUCESSO;1;2;0;0;0;0;0;0;0;37;1;0;3;0;0;0;0;1;0;12;0;6;0;3;1;0;0;0;0;0;0;0;0;0;2;0;0;0;5;0;1;1;1;0;0;0;0;3;3;3;0;0;0;0;4;0;0;0;0;0;0;0;0;30;3;1;0;1;15;1;7;0;2;0;0;0;0;0;1;0;1;1;0;0;0;0;2;1;0;29;2;1;1;0;0;0;0;19;2;0;11;4;1;0;0;0;0;0;0;0;0;0;0;2;1;1;0;0;0;2;2;0;0;0;0;1;0;0;0;1;1;0;0;1;0;6;1;1;2;0;0;1;0;1;0;0;1;6;0;0;0;1;0;0;0;0;0;0;28;1;3;1;9;1;3;2;0;1;1;2;0;0;0;0;0;0;0;0;0;0;0;0;0;0;0;0;0;0;0;0;0;0;0
